Date,Open,Close,Low,High
01/01/2015,438.57,439.84,437.93,441.87
02/01/2015,440.21,438.62,437.83,443.78
05/01/2015,438.6,434.41,433.52,441.25
06/01/2015,431.89,414.11,412.13,431.89
07/01/2015,415.4,423.67,414.65,425.35
08/01/2015,425.87,417.45,416.88,427.41
09/01/2015,419.09,426.17,418.57,427.18
12/01/2015,427.18,421.26,417.2,427.43
13/01/2015,422.35,417.55,416.36,423.2
14/01/2015,417.57,413.59,411.63,419.46
15/01/2015,416.66,428.22,416.58,431
16/01/2015,426.44,430.4,422.06,432.9
19/01/2015,430.9,435.78,425.47,438.7
20/01/2015,437.24,446.33,435.16,447.61
21/01/2015,447.74,448.06,441.94,450.31
22/01/2015,448.33,437.88,435.53,449.2
23/01/2015,440.8,439.29,434.59,444.22
27/01/2015,440.9,440.18,436.3,444.22
28/01/2015,438.38,448.65,438.33,450.59
29/01/2015,448.73,459.57,446.75,462.72
30/01/2015,460.64,453.36,450.71,461.61
02/02/2015,453.26,449.67,448.73,455.34
03/02/2015,451.95,464.3,451.35,465.67
04/02/2015,465.27,459.97,458.49,467.1
05/02/2015,461.85,456.83,454.75,464.87
06/02/2015,458.49,450.93,447.74,460.69
09/02/2015,447.24,444.42,441.77,453.53
10/02/2015,441.79,437.19,427.13,448.23
11/02/2015,438.33,446.23,437.66,447.84
12/02/2015,448.9,450.93,439.47,453.19
13/02/2015,453.19,454.28,450.54,455.66
16/02/2015,455.66,447.07,445.78,457.62
18/02/2015,445.76,446.47,443.3,449.72
19/02/2015,448.23,446.43,439.59,449.3
20/02/2015,444.27,432.51,431.89,444.27
23/02/2015,430.8,421.56,419.33,434.07
24/02/2015,422.48,416.91,414.6,424.56
25/02/2015,419.51,417.8,416.83,424.16
26/02/2015,419.04,417.15,414.6,420.99
27/02/2015,419.09,423.79,418.32,426.19
28/02/2015,426.84,429.04,419.51,430.11
02/03/2015,430.82,427.78,424.04,433.67
03/03/2015,430.9,446.57,429.61,448.98
04/03/2015,448.23,439.29,436.05,450.21
05/03/2015,441.3,438.03,435.6,444.96
09/03/2015,437.83,430.23,428.03,441.7
10/03/2015,430.9,425.5,423.67,433.32
11/03/2015,425.95,423.89,422.58,430.65
12/03/2015,425.95,427.8,423.74,429.02
13/03/2015,430.4,421.07,419.51,430.87
16/03/2015,422.97,417.05,416.53,422.97
17/03/2015,420.08,424.38,416.53,425.85
18/03/2015,424.95,430.28,423.47,432.33
19/03/2015,433.37,424.09,422.03,433.87
20/03/2015,424.01,423.12,420.42,426.44
23/03/2015,424.14,417.15,415.1,427.65
24/03/2015,417.25,420.4,417.05,423.2
25/03/2015,421.24,418.37,416.11,421.24
26/03/2015,416.71,411.38,408.39,420.37
27/03/2015,412.37,402.05,396.97,413.64
30/03/2015,404.15,401.35,394.62,405.14
31/03/2015,404.2,408.46,404.2,412.1
01/04/2015,408.59,413.34,403.16,415.05
06/04/2015,413.71,408.11,406.85,415.02
07/04/2015,408.66,412.47,408.66,414.01
08/04/2015,414.06,428.67,412.57,430.48
09/04/2015,428.97,443.26,425.95,445.21
10/04/2015,443.28,447.56,440.31,449.07
13/04/2015,449.92,456.85,445.06,458.14
15/04/2015,456.11,457.52,449.52,465.27
16/04/2015,458.71,459.35,455.17,464.38
17/04/2015,463.29,459.05,457.22,467.45
20/04/2015,463.86,438.6,435.23,464.55
21/04/2015,439.81,433.82,432.11,443.3
22/04/2015,436.15,435.8,429.71,439.12
23/04/2015,438.15,434.36,430.53,440.75
24/04/2015,434.29,435.55,430.11,437.81
27/04/2015,436.35,433.15,431.39,439.57
28/04/2015,433.37,428.42,425.95,436.72
29/04/2015,427.63,421.61,420.15,431.37
30/04/2015,421.83,427.36,420.25,428.87
04/05/2015,429.41,441.03,426.54,442.41
05/05/2015,442.29,441.25,438.33,446.62
06/05/2015,441.32,435.48,431.89,443.97
07/05/2015,434.51,430.6,425.95,435.36
08/05/2015,431.39,440.75,427.73,442.49
11/05/2015,441.79,443.65,437.44,445.24
12/05/2015,443.28,430.08,428.55,443.28
13/05/2015,433.37,438.23,424.91,440.31
14/05/2015,436.97,435.11,431.39,438.82
15/05/2015,436.49,432.85,431.49,439.02
18/05/2015,433.97,441.05,432.38,441.84
19/05/2015,441.79,443.53,439.37,448.21
20/05/2015,445.76,449.42,445.21,450.46
21/05/2015,450.83,444.22,442.78,453.43
22/05/2015,444.37,447.07,444.27,448.13
25/05/2015,446.43,442.88,441.89,449.52
26/05/2015,443.53,438.15,437.44,444.02
27/05/2015,437.88,439.29,436.22,441.2
28/05/2015,439.27,434.24,432.58,442.78
29/05/2015,435.6,434.44,432.88,439.07
01/06/2015,434.36,446.43,434.36,447.74
02/06/2015,447.81,445.11,441.37,454.92
03/06/2015,445.26,443.73,440.31,450.88
04/06/2015,447.29,451.95,443.3,453.63
05/06/2015,450.71,448.75,447.74,454
08/06/2015,450.12,438.45,437.66,451.03
09/06/2015,438.45,437.78,434.86,441.05
10/06/2015,438.33,448.68,438.33,450.66
11/06/2015,449.17,434.46,432.88,450.19
12/06/2015,435.5,440.38,435.28,442.04
15/06/2015,442.64,446.25,440.8,448.03
16/06/2015,445.71,447.71,442.04,448.68
17/06/2015,448.23,461.16,442.98,465.77
18/06/2015,462.79,484.91,462.1,486.37
19/06/2015,486.87,493.55,486.87,498.26
22/06/2015,493.75,491,488.67,499.59
23/06/2015,491.69,492.68,490.7,496.47
24/06/2015,492.93,490.7,488.35,498.53
25/06/2015,490.58,497.59,487.93,499.77
26/06/2015,496.4,495.06,493.06,502.12
29/06/2015,487.86,490.7,481.71,492.12
30/06/2015,490.33,495.51,489.34,497.02
01/07/2015,496.47,498.13,496.28,500.56
02/07/2015,498.78,500.39,498.33,505.17
03/07/2015,500.68,498.63,496.99,501.97
06/07/2015,495.29,502.86,493.3,504.62
07/07/2015,502.22,496.97,495.43,503.46
08/07/2015,495.29,492.71,490.56,499.35
09/07/2015,492.98,488.99,487.51,496
10/07/2015,492.64,496.05,490.53,497.14
13/07/2015,495.78,498.85,493.01,501.35
14/07/2015,499.45,494.1,492.93,500.96
15/07/2015,495.29,500.93,494.79,502.22
16/07/2015,501.48,507,500.93,508.91
17/07/2015,506.68,506.26,504.2,510.64
20/07/2015,508.21,507.54,504.25,510.09
21/07/2015,508.51,499,496.72,509.15
22/07/2015,498.9,520.27,497.84,521.78
23/07/2015,522.53,517.89,515.59,528.47
24/07/2015,518.17,507.69,505.98,520.05
27/07/2015,508.66,498.16,495.93,512.62
28/07/2015,499.99,500.21,495.41,503.58
29/07/2015,501.23,493.03,491.42,501.45
30/07/2015,496.13,494.94,491.84,499.25
31/07/2015,496.28,496.1,490.33,499.2
03/08/2015,495.85,495.85,494.39,501.82
04/08/2015,495.9,489.39,485.45,497.98
05/08/2015,490.33,489.17,487.36,495.29
06/08/2015,492.31,485.08,484.39,492.31
07/08/2015,485.87,487.48,483.05,492.31
10/08/2015,487.86,480.48,478.57,490.23
11/08/2015,483.4,478.62,474.76,483.4
12/08/2015,478.62,467.08,465.64,478.62
13/08/2015,469.53,463.04,461.23,472.55
14/08/2015,464.87,478.97,463.04,481.39
17/08/2015,478.94,470.55,469.18,478.97
18/08/2015,473.1,467.72,466.56,474.9
19/08/2015,467.99,471.86,465.39,475.7
20/08/2015,475.42,455.09,453.8,475.47
21/08/2015,450.71,449.37,444.44,451.6
24/08/2015,440.8,410.57,405.64,440.8
25/08/2015,416.04,422.43,408.31,426.44
26/08/2015,419.95,422.7,416.76,433.28
27/08/2015,430.06,430.68,424.78,435.85
28/08/2015,435.63,431.49,428.97,437.34
31/08/2015,431.02,424.36,423.22,431.49
01/09/2015,422.26,416.11,413.66,422.48
02/09/2015,420.99,420.65,417.67,424.43
03/09/2015,422.92,422.85,418.54,426.14
04/09/2015,419.56,413.86,408.73,421.17
07/09/2015,414.55,412.6,409.97,418.02
08/09/2015,414.06,420.47,409.11,422.58
09/09/2015,425.45,432.41,421.66,435.11
10/09/2015,425.99,429.39,423.96,430.9
11/09/2015,432.56,426.47,424.61,434.02
14/09/2015,426.84,427.46,422.03,428.12
15/09/2015,426.94,429.68,424.06,430.72
16/09/2015,430.9,431.94,428.42,434.56
18/09/2015,434.61,443.33,434.41,445.26
21/09/2015,435.85,434.71,433.72,439.69
22/09/2015,435.9,419.73,418.52,438.05
23/09/2015,416.04,421.69,416.04,424.34
24/09/2015,420,415,413.59,420
28/09/2015,415,413.24,411.09,416.49
29/09/2015,410.59,415.62,409.38,420.65
30/09/2015,420.03,426.19,415.35,427.43
01/10/2015,431.89,427.08,425.35,432.14
05/10/2015,428.42,438.95,427.18,440.75
06/10/2015,442.34,443.73,438.6,445.26
07/10/2015,443.68,452.62,440.83,454.18
08/10/2015,452.76,440.38,439.12,453.19
09/10/2015,444.2,439,436.89,448.18
12/10/2015,440.8,441.82,440.06,446.08
13/10/2015,439.71,442.07,437.34,443.28
14/10/2015,442.36,446.75,441.94,447.74
15/10/2015,449.35,447.74,445.81,451.01
16/10/2015,448.23,451.8,447.74,453.04
19/10/2015,466.36,477.16,466.36,478.05
20/10/2015,476.96,473.22,471.07,478.84
21/10/2015,473.49,472.87,471.91,482.41
23/10/2015,476.51,473.42,470.92,482.09
26/10/2015,474.51,467.05,465.57,476.96
27/10/2015,466.46,465.17,464.33,469.41
28/10/2015,464.58,464.21,460.79,467.8
29/10/2015,464.97,466.34,463.34,468.02
30/10/2015,466.34,469.46,465.96,473.37
02/11/2015,468.59,475.05,468.17,475.72
03/11/2015,476.46,478.64,476.46,480.43
04/11/2015,481.42,471.56,468.89,482.9
05/11/2015,471.02,464.01,462.13,471.26
06/11/2015,464.58,471.73,464.58,472.5
09/11/2015,463.09,475.47,458.14,476.59
10/11/2015,474.04,456.63,454.18,474.95
11/11/2015,459.62,460.1,459.13,462.1
13/11/2015,454.67,460.71,453.19,464.16
16/11/2015,460.12,462.13,457.99,466.46
17/11/2015,463.93,459.38,458.61,464.92
18/11/2015,459.13,451.87,450.71,461.43
19/11/2015,455.41,462.7,454.67,464.33
20/11/2015,463.29,468.51,458.34,471.56
23/11/2015,469.31,471.56,468.37,473.32
24/11/2015,471.54,479.44,470.89,480.92
26/11/2015,480.38,489.19,479.66,490.63
27/11/2015,490.33,484.91,482.58,491.32
30/11/2015,483.97,479.44,477.45,487.26
01/12/2015,478.64,478.22,476.46,484.64
02/12/2015,478.64,483.7,478.35,484.69
03/12/2015,484.14,483.79,482.09,489.47
04/12/2015,482.16,478.32,476.41,483.4
07/12/2015,478.94,472.35,471.02,481.86
08/12/2015,470.57,466.78,464.43,472.5
09/12/2015,465.57,453.66,452.2,467.72
10/12/2015,456.23,470.47,455.79,472.2
11/12/2015,470.57,471.64,467,474.9
14/12/2015,468.79,473.22,468.79,476.81
15/12/2015,473.49,483.35,472.01,484.34
16/12/2015,482.11,484.39,482.11,488.8
17/12/2015,485.5,499.42,484.39,501.85
18/12/2015,496.77,491.35,490.41,499.74
21/12/2015,489.61,491.45,487.86,494.39
22/12/2015,490.88,489.09,487.36,496.52
23/12/2015,492.02,497.04,490.78,498.26
24/12/2015,498.01,495.73,493.35,499.25
28/12/2015,497.27,499.52,495.78,502
29/12/2015,501.72,502.79,499,504.45
30/12/2015,503.06,497.69,496.33,503.7
31/12/2015,497.27,501.53,495.29,503.7
01/01/2016,500.24,502.89,499.62,505.19
04/01/2016,498.26,493.01,488.99,502.32
05/01/2016,496.28,497.81,493.72,500.24
06/01/2016,497.76,511.11,495.56,514.11
07/01/2016,507.07,501.01,499.37,508.95
08/01/2016,504.7,507.2,495.31,511.21
11/01/2016,500.73,520.82,500.73,524.98
12/01/2016,522.03,517.62,515.62,527.48
13/01/2016,522.43,533.6,504.87,538.57
14/01/2016,526.04,525.6,521.24,535.4
15/01/2016,529.95,531.52,527.97,539.61
18/01/2016,531.47,504.2,500.29,536.12
19/01/2016,507.67,516.88,502.81,519.55
20/01/2016,515.34,497.44,490.58,515.34
21/01/2016,503.36,487.81,484.46,508.01
22/01/2016,492.81,497.24,492.68,500.31
25/01/2016,499.35,497.66,495.36,504.4
27/01/2016,499.22,494.96,493.38,500.09
28/01/2016,495.29,503.66,494.17,506.06
29/01/2016,505.19,512.64,504.62,514.8
01/02/2016,515.1,509.2,507.74,515.59
02/02/2016,510.64,496.28,490.48,511.13
03/02/2016,489.39,485.73,482.9,491.92
04/02/2016,490.33,482.38,479.44,495.29
05/02/2016,483.55,481.57,476.96,486.37
08/02/2016,481.37,476.27,474.33,487.48
09/02/2016,471.07,473.79,470.69,479.68
10/02/2016,471.14,476.66,470,481.86
11/02/2016,476.96,456.88,453.8,478.45
12/02/2016,461.14,448.88,440.06,462.1
15/02/2016,456.16,467.87,455.66,470.5
16/02/2016,471.91,460.44,459.13,474.48
17/02/2016,462.3,471.73,454.23,473.49
18/02/2016,476.46,466.14,463.74,479.31
19/02/2016,466.14,467.82,464.48,471.73
22/02/2016,468.49,476.69,468.07,479.39
23/02/2016,477.45,470.87,467.08,478.89
24/02/2016,468.69,471.78,466.83,474.98
25/02/2016,473.99,467.75,466.41,473.99
26/02/2016,470.52,470.77,468.02,474.73
29/02/2016,471.07,478.72,463.74,491.82
01/03/2016,479.19,486.49,477.95,487.86
02/03/2016,491.57,495.88,489.09,497.89
03/03/2016,498.88,501.5,494.07,503.83
04/03/2016,503.7,498.5,497.14,504.2
08/03/2016,498.26,508.73,498.26,510.64
09/03/2016,504.7,516.06,503.88,517.08
10/03/2016,516.93,501.23,499.74,517.57
11/03/2016,503.46,503.04,500.88,509.9
14/03/2016,504.27,504.47,501.72,508.16
15/03/2016,505.69,505.39,503.21,508.63
16/03/2016,505.69,506.06,497.96,508.01
17/03/2016,509.15,502.99,501.43,513.31
18/03/2016,504.7,507.77,503.33,509.35
21/03/2016,508.76,513.21,506.92,514.6
22/03/2016,514.16,519.31,513.49,521.29
23/03/2016,518.56,509.82,506.68,518.56
28/03/2016,509.65,505.44,502.96,511.11
29/03/2016,506.7,512.82,506.38,515.54
30/03/2016,515.27,517.52,515.22,520.5
31/03/2016,516.58,517.7,512.17,523
01/04/2016,514.6,511.95,508.36,518.02
04/04/2016,513.19,512.69,507.39,516.31
05/04/2016,510.14,509.2,506.5,516.09
06/04/2016,510.54,510.86,506.28,513.07
07/04/2016,511.13,514.08,506.8,519.06
08/04/2016,511.88,514.03,511.16,522.03
11/04/2016,512.72,515.02,511.78,517.57
12/04/2016,515.24,518.64,514.4,523.52
13/04/2016,521.04,527.7,521.04,529.11
18/04/2016,527.7,525.87,522.53,527.83
20/04/2016,529.06,514.25,512.79,529.95
21/04/2016,517.52,515.54,512.62,520.79
22/04/2016,515.59,514.48,510.39,518.93
25/04/2016,516.43,503.28,501.6,517.52
26/04/2016,503.7,503.61,499.25,507.1
27/04/2016,505.14,505.04,502.76,508.09
28/04/2016,505.04,493.97,491.32,505.04
29/04/2016,493.16,486.64,484.31,494.67
02/05/2016,486.07,488.5,483.92,491.57
03/05/2016,490.23,483.42,481.71,492.66
04/05/2016,483.4,484.14,482.53,487.19
05/05/2016,486.49,482.93,480.97,487.11
06/05/2016,482.9,480.01,479.19,483.87
09/05/2016,482.9,486.84,481.66,488.35
10/05/2016,486.37,486.05,484.41,487.78
11/05/2016,481.91,482.83,480.92,485.6
12/05/2016,483.89,490.85,483.25,491.55
13/05/2016,489.34,484.39,483.15,490.78
16/05/2016,484.51,483.47,481.42,486.39
17/05/2016,485.38,480.53,478.77,487.01
18/05/2016,478.94,480.5,478.05,481.79
19/05/2016,481,470.79,468.61,481.27
20/05/2016,471.09,462.65,461.78,472.8
23/05/2016,464.78,460.62,458.49,465.57
24/05/2016,461.06,465.59,460.12,467.23
25/05/2016,470.12,470.15,466.36,471.46
26/05/2016,470.79,468.86,467.67,472.01
27/05/2016,471.26,481.74,470.27,483.25
30/05/2016,482.9,480.15,478.45,486.1
31/05/2016,479.88,474.95,473.59,481.66
01/06/2016,474.88,472.16,471.14,478.69
02/06/2016,473.54,473.49,468.17,474.11
03/06/2016,474.24,474.46,473.2,477.26
06/06/2016,474.98,473.44,472.01,476.84
07/06/2016,473.49,472.82,471.41,476.02
08/06/2016,473.99,472.58,470.62,474.48
09/06/2016,474.51,481.14,474.48,483.89
10/06/2016,481.91,483.22,479.78,487.46
13/06/2016,480.43,485.03,477.45,487.01
14/06/2016,486.37,482.85,480.08,487.61
15/06/2016,484.14,486.57,482.16,487.81
16/06/2016,486.32,482.68,479.19,487.11
17/06/2016,483.89,482.04,480.43,484.83
20/06/2016,477.95,490.6,477.95,491.82
21/06/2016,492.81,488.97,485.48,492.81
22/06/2016,488.82,485.63,483.89,488.82
23/06/2016,485.38,486.32,480.43,487.09
24/06/2016,478.45,471.26,462.79,478.45
27/06/2016,470.45,473.54,467.55,474.88
28/06/2016,474.24,474.58,473.49,476.24
29/06/2016,475.97,478.87,475.62,479.83
30/06/2016,480.92,480.15,479.11,484.26
01/07/2016,482.16,482.23,480.53,483.62
04/07/2016,484.39,488.67,483.5,491.5
05/07/2016,490.31,491.79,485.63,496.67
07/07/2016,492.04,489.29,488.72,495.29
08/07/2016,489.34,485.43,484.66,489.84
11/07/2016,489.37,490.7,488.1,492.76
12/07/2016,491.57,496.33,490.83,497.29
13/07/2016,496.77,499.47,496.28,503.11
14/07/2016,499.25,498.48,494.81,502.52
15/07/2016,500.24,501.5,497.19,505.51
18/07/2016,508.66,497.39,488.4,514.6
19/07/2016,499.25,502.91,492.93,506.08
20/07/2016,505.19,506.45,503.7,509.2
21/07/2016,507.17,498.6,498.01,507.44
22/07/2016,497.76,502.62,497.34,503.83
25/07/2016,503.21,505.51,499.15,506.08
26/07/2016,505.88,506.83,502.81,512.2
27/07/2016,507.67,501.75,500.24,508.61
28/07/2016,504.4,508.19,501.48,510.04
29/07/2016,508.06,502.96,501.33,508.06
01/08/2016,503.48,499.89,497.91,505.61
02/08/2016,499.69,500.76,498.75,504.45
03/08/2016,501.01,492.34,491.32,501.75
04/08/2016,495.29,491.89,487.61,496.28
05/08/2016,492.91,502.49,492.91,503.95
08/08/2016,503.78,509.97,503.78,511.88
09/08/2016,509.35,510.07,505.83,511.83
10/08/2016,510.12,496.67,495.81,512.37
11/08/2016,497.27,501.45,495.41,506.18
12/08/2016,502.71,512.6,502.66,515.96
16/08/2016,512.62,507.27,503.21,517.08
17/08/2016,506.68,502.22,499.35,509.55
18/08/2016,502.89,503.51,502.79,506.75
19/08/2016,500.73,502.64,498.88,506.03
22/08/2016,504.15,502.17,498.9,505.36
23/08/2016,501.72,500.19,497.81,502.62
24/08/2016,502.47,505.56,500.78,506.23
25/08/2016,505.44,501.77,500.24,509.4
26/08/2016,502.62,509,502.54,510.14
29/08/2016,509,523.52,508.66,524.98
30/08/2016,524.61,527.87,521.66,529.95
31/08/2016,527.92,524.01,518.59,531.71
01/09/2016,521.98,509.72,508.29,531.22
02/09/2016,511.13,501.65,496.82,512.62
06/09/2016,505.19,505.41,502.22,507.64
07/09/2016,505.24,503.93,502.22,508.53
08/09/2016,505.44,511.26,505.19,512.87
09/09/2016,512.12,516.93,510.24,519.88
12/09/2016,512.12,518.37,507.72,522.85
14/09/2016,518.07,517.8,515.42,524.01
15/09/2016,518.56,526.22,518.56,528.96
16/09/2016,527.48,532.75,524.88,541.47
19/09/2016,532.38,536.07,530.48,538.62
20/09/2016,537.41,531.99,529.51,537.88
21/09/2016,531.94,530.62,528.47,537.14
22/09/2016,534.91,538.7,534.46,542.58
23/09/2016,538.87,546.27,538.87,549.37
26/09/2016,546.05,549.44,545.8,559.13
27/09/2016,551.28,549.99,548.43,557.54
28/09/2016,549.77,539.71,538.52,551.25
29/09/2016,542.34,531.22,528.72,549.77
30/09/2016,529.95,535.95,528.47,541.57
03/10/2016,537.14,540.06,533.4,548.45
04/10/2016,541.79,542.44,540.85,548.78
05/10/2016,546.37,539.51,537.76,547.69
06/10/2016,540.85,550.31,540.85,557.1
07/10/2016,550.31,549.74,548.55,556.03
10/10/2016,552.24,542.81,541.25,555.71
13/10/2016,541.69,523.86,521.06,541.69
14/10/2016,525.25,534.02,524.01,535.87
17/10/2016,534.41,525.08,524.01,535.23
18/10/2016,526.98,534.56,526.39,535.9
19/10/2016,536.47,538.33,535.6,542.09
20/10/2016,540.83,539.12,537.43,543.72
21/10/2016,544.32,527.18,524.51,544.32
24/10/2016,528.96,526.76,525.25,531.94
25/10/2016,526.59,524.95,522.28,527.68
26/10/2016,524.01,522.1,521.04,524.61
27/10/2016,521.54,519.31,516.68,522.03
28/10/2016,520.05,521.78,517.05,523.02
30/10/2016,523.52,520.64,518.98,527.48
01/11/2016,520.54,519.21,518.93,522.53
02/11/2016,516.09,507.2,505.74,516.11
03/11/2016,507.2,507.89,506.23,512.37
04/11/2016,505.83,498.16,495.56,508.73
07/11/2016,500.91,496.25,495.04,503.46
08/11/2016,497.04,496.7,494.47,499.74
09/11/2016,465.57,498.03,461.61,499.69
10/11/2016,503.48,500.24,499.37,509.35
11/11/2016,495.29,495.98,492.98,503.85
15/11/2016,496.18,489.14,485.65,496.18
16/11/2016,489.99,488.28,486.37,493.65
17/11/2016,488.85,486.02,483.32,494.29
18/11/2016,486.94,489.09,486.82,491.4
21/11/2016,489.34,490.78,487.11,492.16
22/11/2016,492.44,495.83,492.34,499
23/11/2016,497.76,498.88,495.04,499.49
24/11/2016,498.7,490.65,488.35,498.7
25/11/2016,490.83,492.14,487.86,493.3
28/11/2016,492.71,488.57,487.36,495.31
29/11/2016,488.9,493.23,488.9,496.62
30/11/2016,493.8,491.69,489.34,494.1
01/12/2016,493.38,493.9,492.56,502.52
02/12/2016,492.81,492.96,491.84,498.06
05/12/2016,492.31,492.36,489.12,494.67
06/12/2016,492.81,496.94,492.81,497.71
07/12/2016,498.75,495.14,493.13,498.75
08/12/2016,496.82,504.97,496.82,505.69
09/12/2016,505.44,508.36,505.34,509.95
12/12/2016,508.58,509.2,506.26,515.1
13/12/2016,511.13,515.05,509.4,516.09
14/12/2016,514.85,525,514.8,527.18
15/12/2016,523.39,522.13,520.54,528.37
16/12/2016,520.05,523.79,520.05,525.99
19/12/2016,524.01,526.07,522.53,527.87
20/12/2016,523.66,524.56,522.03,525.99
21/12/2016,524.51,525.72,523.27,528.15
22/12/2016,524.95,522.01,520.22,525.77
23/12/2016,520.35,524.09,520.35,529.19
26/12/2016,522.82,518.61,517.57,527.97
27/12/2016,518.61,527.18,518.61,528.32
28/12/2016,528.96,521.14,519.26,529.91
29/12/2016,520.87,527.45,519.8,529.26
30/12/2016,528.37,534.96,526.98,537.24
02/01/2017,535.58,536.44,531.52,539.59
03/01/2017,536.96,540.18,535.53,543.33
04/01/2017,540.93,529.43,527.65,541.07
05/01/2017,531.44,533.62,529.46,534.66
06/01/2017,532.58,531.29,531.22,537.38
09/01/2017,534.41,533.47,530.5,537.73
10/01/2017,534.41,538.42,534.04,540.85
11/01/2017,542.02,536.94,535.9,542.34
12/01/2017,539.09,536.47,534.49,539.86
13/01/2017,537.73,539.93,537.48,543.13
16/01/2017,540.55,533.42,531.94,541.77
17/01/2017,529.06,515.74,514.11,532.28
18/01/2017,516.58,511.36,509.65,519.13
19/01/2017,511.8,512,510.64,517.4
20/01/2017,511.63,508.01,507.37,513.96
23/01/2017,507.17,503.18,502.24,510.64
24/01/2017,505.19,508.93,504.5,510.14
25/01/2017,512.62,503.56,503.26,512.62
27/01/2017,505.04,507.74,504.7,509.62
30/01/2017,507.74,517.15,507.62,517.97
31/01/2017,518.56,516.78,515.47,521.98
01/02/2017,517.67,519.65,512.47,520.47
02/02/2017,518.59,517.45,514.38,520.05
03/02/2017,517.45,511.98,510.66,520.1
06/02/2017,513.14,515.15,511.38,517.03
07/02/2017,515.24,510.49,508.95,515.47
08/02/2017,510.71,507.99,506.68,514.33
09/02/2017,508.16,511.48,508.16,512.35
10/02/2017,512.62,510.29,508.14,513.07
13/02/2017,512.12,509.33,506.18,512.62
14/02/2017,511.8,519.18,510.74,521.29
15/02/2017,521.54,520.5,518.09,523.76
16/02/2017,521.04,527.45,521.04,528.47
17/02/2017,527.97,532.6,524.51,533.87
20/02/2017,529.95,531.79,528.1,533.42
21/02/2017,531.09,538.99,531.09,540.13
22/02/2017,540.88,598.13,540.88,600.29
23/02/2017,601.23,585.72,584.04,605.39
27/02/2017,587.9,613.46,587.9,622.33
28/02/2017,613.06,613.29,608.48,618.04
01/03/2017,615.14,611.26,609.32,616.58
02/03/2017,612.17,610.81,607.05,621.09
03/03/2017,612.67,623.29,612.67,637.83
06/03/2017,628.02,646.3,626.76,648.77
07/03/2017,651.87,646.25,642.19,657.12
08/03/2017,647.36,639.86,636.94,648.82
09/03/2017,638.82,637.61,634.81,642.88
10/03/2017,640.87,634.66,624.8,642.14
14/03/2017,651.77,638.62,636.57,653.33
15/03/2017,638.62,646.05,635.57,651.8
16/03/2017,649.32,642.56,641.2,649.32
17/03/2017,646.35,644.19,643.15,653.7
20/03/2017,644.37,634.14,632.55,646.35
21/03/2017,636.74,625.94,623.91,636.74
22/03/2017,621.43,623.81,617.89,627.03
23/03/2017,627.48,631.04,623.19,632.85
24/03/2017,631.04,637.04,628.22,639.73
27/03/2017,627.8,619.48,617.67,633.22
28/03/2017,621.61,616.95,612.67,625.72
29/03/2017,619.13,621.43,611.23,624.06
30/03/2017,621.58,628.69,621.11,630.4
31/03/2017,629.01,653.38,628.49,661.7
03/04/2017,659.72,679.13,659.72,683.49
05/04/2017,687.46,700.78,683.89,702.29
06/04/2017,698.2,712.39,694.74,717.42
07/04/2017,705.34,696.15,694.71,710.11
10/04/2017,701.32,684.01,682.5,705.63
11/04/2017,686.47,680.57,679.04,693.55
12/04/2017,687.85,670.69,669.15,687.85
13/04/2017,669.63,675.74,667.64,680.03
17/04/2017,677.4,688.94,676.06,690.55
18/04/2017,691.17,678.76,677.72,698.35
19/04/2017,679.04,678.47,672.72,684.83
20/04/2017,681.76,678.24,676.31,686.91
21/04/2017,681.12,693.28,680.05,703.3
24/04/2017,698.35,701.52,693.45,710.11
25/04/2017,722.97,709.5,707.09,725.59
26/04/2017,710.78,701.5,694.96,713.21
27/04/2017,703.3,697.39,694.76,705.63
28/04/2017,697.88,690.82,688.69,703.7
02/05/2017,693.45,678.99,676.93,694.39
03/05/2017,681.14,678.66,676.06,683.74
04/05/2017,680.08,672.97,670.94,683.25
05/05/2017,674.08,658.04,656.28,677.38
08/05/2017,658.04,654.74,653.78,663.48
09/05/2017,655.26,659.03,654.27,660.21
10/05/2017,660.21,673.34,659.45,675.07
11/05/2017,674.38,671.95,669.75,680.99
12/05/2017,675.52,669.06,665.76,675.52
15/05/2017,670.86,665.49,660.96,671.63
16/05/2017,666.16,671.8,664.57,682.01
17/05/2017,671.61,669.82,667.67,675.99
18/05/2017,667.05,657.27,655.41,669.63
19/05/2017,663.19,653.03,649.37,663.19
22/05/2017,655.04,655.63,651.32,660.39
23/05/2017,655.76,646.05,644.61,658.85
24/05/2017,646.67,642.38,641.39,650.56
25/05/2017,643.87,645.31,642.78,649.69
26/05/2017,644.86,661.6,644.37,665.69
29/05/2017,662.34,671.88,661.7,676.51
30/05/2017,671.88,673.02,668.14,675.72
31/05/2017,677.55,663.98,661.7,677.55
01/06/2017,662.69,657.99,655.29,663.66
02/06/2017,658.75,656.13,652.09,663.09
05/06/2017,656.25,658.18,651.67,663.93
06/06/2017,663.14,650.51,649.27,663.14
07/06/2017,650.21,663.29,648.13,665.27
08/06/2017,663.68,658.68,657.79,666.16
09/06/2017,665.66,661.45,658.73,669.63
12/06/2017,658.48,653.45,652.54,658.7
13/06/2017,651.8,650.11,648.33,657.24
14/06/2017,652.79,671.56,651.67,672.35
15/06/2017,674.58,685.72,673.59,690.55
16/06/2017,687.85,687.38,678.59,690.92
19/06/2017,689.39,697.93,688.94,700.83
20/06/2017,700.83,699.47,697.39,704.59
21/06/2017,698.35,702.36,696.17,706.77
22/06/2017,708.26,709.82,707.59,715.19
23/06/2017,712.72,710.73,708.7,714.05
27/06/2017,709.25,711.18,705.78,713.24
28/06/2017,712.37,692.66,691.49,713.21
29/06/2017,699.34,689.88,688.59,702.31
30/06/2017,689.88,683.62,681.07,690.53
03/07/2017,687.46,685.52,679.58,690.43
04/07/2017,687.21,704.64,687.21,706.03
05/07/2017,706.87,713.11,706.77,716.13
06/07/2017,715.84,713.9,711.9,718.14
07/07/2017,712.22,738.37,712.22,741.44
10/07/2017,738.97,739.19,736.49,746.89
11/07/2017,742.93,740.55,736.51,744.91
12/07/2017,742.33,748.13,740.95,755.06
13/07/2017,747.88,752.26,746.25,754.62
14/07/2017,753.82,758.31,750.48,759.77
17/07/2017,759.92,768.36,759.92,772.05
18/07/2017,766.9,752.78,748.87,768.43
19/07/2017,752.68,759.52,750.36,763.14
20/07/2017,762.74,757.14,753.35,767.62
21/07/2017,769.67,785.62,764.92,788.59
24/07/2017,794.44,800.43,785.62,804.74
25/07/2017,805.68,794.12,792.46,806.82
26/07/2017,797.41,803.3,793.45,807.29
27/07/2017,807.29,791.64,788,807.86
28/07/2017,790.97,789.61,782.06,794.93
31/07/2017,792.48,799.32,790.47,801.37
01/08/2017,804.27,794.21,788.3,804.84
02/08/2017,796.72,806.87,794.93,810.29
03/08/2017,807.27,817.99,800.83,824.65
04/08/2017,822.45,803.6,800.16,823.76
07/08/2017,807.12,800.68,798.8,808.31
08/08/2017,802.36,794.14,786.64,802.86
09/08/2017,792.46,791.89,785.4,802.31
10/08/2017,791.44,784.56,781.21,795.85
11/08/2017,770.12,765.98,760.51,781.56
14/08/2017,770.91,779.16,770.91,785.03
16/08/2017,778.09,776.09,767.96,781.56
17/08/2017,778.44,775.64,772.69,790.9
18/08/2017,775.62,780.27,769.5,782.3
21/08/2017,781.09,775.52,774.13,785.08
22/08/2017,779.58,774.3,771.65,782.3
23/08/2017,776.11,783.19,769.67,785.03
24/08/2017,788.35,776.31,774.92,788.59
28/08/2017,782.06,775.52,773.49,783.66
29/08/2017,772.64,758.65,757.79,776.01
30/08/2017,765.22,774.7,764.52,776.9
31/08/2017,777.75,789.24,777.75,791.22
01/09/2017,793.35,797.09,791.56,800.36
04/09/2017,799.89,798.08,790.57,810.16
05/09/2017,801.87,808.8,801.87,809.74
06/09/2017,808.01,814.55,804.84,818.41
07/09/2017,816.23,811.18,808.8,824.85
08/09/2017,812.37,809.44,805.14,815.83
11/09/2017,812.66,810.39,808.35,819.2
12/09/2017,814.35,815.54,809.74,816.82
13/09/2017,816.23,841.09,814.74,851.15
14/09/2017,848.92,836.24,834.06,853.28
15/09/2017,834.16,835.45,827.52,844.11
18/09/2017,839.01,837.43,835.15,843.27
19/09/2017,840.99,832.08,829.65,840.99
20/09/2017,848.18,839.11,837.03,863.88
21/09/2017,840,833.37,829.11,843.37
22/09/2017,832.77,809.79,806.32,832.77
25/09/2017,810.19,812.71,797.71,819.89
26/09/2017,812.76,811.47,804.84,819.2
27/09/2017,819.7,791.07,788,819.7
28/09/2017,792.46,779.33,773.78,794.93
29/09/2017,783.54,774.77,772.64,786.02
03/10/2017,784.88,790.82,778.84,796.12
04/10/2017,790.82,811.47,788,817.17
05/10/2017,817.22,816.43,811.03,820.44
06/10/2017,817.12,828.96,814.89,830.99
09/10/2017,828.96,822.92,820.44,830.1
10/10/2017,823.16,835.45,822.92,838.91
11/10/2017,837.03,832.48,828.41,849.81
12/10/2017,833.07,864.27,833.07,867.94
13/10/2017,871.7,868.43,866.01,882.6
16/10/2017,871.6,866.95,853.62,883.29
17/10/2017,870.61,866.01,859.12,875.61
18/10/2017,867.29,905.13,866.9,908.35
19/10/2017,908.06,901.77,894.73,913.06
23/10/2017,902.56,929.25,901.32,934.55
24/10/2017,938.17,925.94,919.55,938.17
25/10/2017,931.14,931.09,921.23,936.83
26/10/2017,929.5,938.32,922.72,949.16
27/10/2017,941.14,920.69,917.66,947.48
30/10/2017,922.22,931.28,922.22,936.09
31/10/2017,934.11,931.93,923.31,936.09
01/11/2017,937.08,943.32,936.98,948.37
02/11/2017,945,938.17,935.3,947.88
03/11/2017,944.31,936.68,931.63,944.31
06/11/2017,935.1,925.64,920.24,936.09
07/11/2017,925.64,898.1,894.63,926.18
08/11/2017,898.45,879.87,876.75,900.33
09/11/2017,886.66,893.05,883.59,900.53
10/11/2017,891.51,875.17,872.05,892.5
13/11/2017,875.17,866.9,864.77,882.94
14/11/2017,866.75,877.84,864.77,886.06
15/11/2017,877.65,874.08,869.72,881.46
16/11/2017,874.18,893.94,874.18,896.47
17/11/2017,908.95,901.12,898.55,916.03
20/11/2017,901.42,910.19,896.71,915.29
21/11/2017,916.28,923.61,915.29,930.84
22/11/2017,928.21,921.48,915.83,929.85
23/11/2017,916.92,936.24,916.92,939.06
24/11/2017,939.06,940.55,937.72,949.96
27/11/2017,939.06,941.73,934.6,946.74
28/11/2017,940.5,934.06,929.4,941.98
29/11/2017,934.06,936.53,929.15,940.84
30/11/2017,931.14,913.9,911.32,943.02
01/12/2017,916.28,901.27,899.44,922.32
04/12/2017,907.11,893,889.53,909.24
05/12/2017,891.86,902.9,887.45,910.23
06/12/2017,905.18,918.75,900.63,921.73
07/12/2017,918.36,921.87,914.1,925.14
08/12/2017,928.16,912.27,910.98,928.16
11/12/2017,912.12,907.26,904.89,916.72
12/12/2017,904.89,906.42,899.34,920.19
13/12/2017,911.08,905.38,903.4,915.58
14/12/2017,911.32,911.87,900.43,916.28
15/12/2017,920.44,911.23,908.85,924.2
18/12/2017,908.35,910.73,853.57,922.47
19/12/2017,912.81,915.29,911.37,918.16
20/12/2017,916.28,910.09,908.35,918.26
21/12/2017,911.32,904.44,902.51,914.49
22/12/2017,907.36,909.84,901.62,913.31
26/12/2017,914.3,919.25,909.94,927.77
27/12/2017,921.38,913.6,909.69,927.92
28/12/2017,914.49,915.68,909.99,925.39
29/12/2017,917.17,912.36,909.44,923.46
01/01/2018,913.31,902.95,901.12,914.3
02/01/2018,906.37,902.81,898.69,910.53
03/01/2018,915.73,907.71,904.69,918.46
04/01/2018,910.33,911.57,907.36,913.11
05/01/2018,911.82,914.3,910.78,917.12
08/01/2018,915.39,919.69,914.89,921.43
09/01/2018,920.29,932.03,915.29,935.05
10/01/2018,936.09,932.62,926.58,937.82
11/01/2018,932.87,928.36,926.18,933.86
12/01/2018,933.12,937.82,929.25,942.87
15/01/2018,941.24,938.66,936.29,948.52
16/01/2018,940.05,914.79,911.32,940.05
17/01/2018,916.28,915.93,899.44,919.89
18/01/2018,921.23,910.63,902.41,921.23
19/01/2018,913.31,920.59,913.31,923.56
22/01/2018,939.56,962.04,931.23,965.31
23/01/2018,965.81,972.44,965.81,980.66
24/01/2018,972.64,955.45,951.44,972.64
25/01/2018,960.85,955.45,948.22,962.29
29/01/2018,956.89,954.71,951.05,967.34
30/01/2018,954.91,940.3,936.63,955.21
31/01/2018,941.04,952.09,933.12,955.8
01/02/2018,955.31,935.2,929.35,962.09
02/02/2018,929.85,897.16,894.48,934.36
05/02/2018,887.35,895.92,874.38,903.4
06/02/2018,871.7,884.33,863.88,889.48
07/02/2018,892.06,885.57,882.15,896.96
08/02/2018,887.9,895.08,883.64,901.42
09/02/2018,883.54,889.48,878.14,893.74
12/02/2018,892.6,906.07,892.6,909.34
14/02/2018,912.96,923.61,912.12,932.62
15/02/2018,927.22,925.24,919.55,936.09
16/02/2018,928.51,913.01,909.99,933.12
19/02/2018,911.62,917.12,905.78,921.82
20/02/2018,919.25,910.73,907.36,921.23
21/02/2018,918.26,919.6,913.31,922.22
22/02/2018,914.44,915.19,911.32,921.97
23/02/2018,915.48,925.19,915.04,928.16
26/02/2018,927.27,929.75,927.27,935.84
27/02/2018,930.15,940.99,929.75,946.49
28/02/2018,935.59,943.47,928.16,945.9
01/03/2018,941.88,938.76,937.08,949.76
05/03/2018,935.59,915.48,913.31,940.94
06/03/2018,920.93,902.31,894.63,927.17
07/03/2018,900.03,883.14,879.92,900.73
08/03/2018,891.22,903,885.87,905.28
09/03/2018,906.37,903.45,901.42,910.33
12/03/2018,910.23,920.59,907.56,924.2
13/03/2018,920.59,921.82,912.91,926.53
14/03/2018,917.81,919.84,910.88,922.42
15/03/2018,919.94,903.65,901.42,919.94
16/03/2018,901.42,892.01,878.04,901.42
19/03/2018,895.28,886.86,883.94,897.56
20/03/2018,890.62,881.16,878.64,895.08
21/03/2018,887.35,887.9,883.59,893.44
22/03/2018,888.05,898.74,886.76,902.01
23/03/2018,884.98,884.43,881.61,891.22
26/03/2018,884.43,892.55,883.59,895.97
27/03/2018,896.52,891.46,889.04,901.47
28/03/2018,886.61,874.48,872.69,887.55
02/04/2018,882.1,884.28,878.04,892.7
03/04/2018,881.61,890.32,877.74,892.5
04/04/2018,896.96,886.66,883.94,902.56
05/04/2018,894.04,898.2,894.04,901.42
06/04/2018,901.32,901.17,896.47,908.55
09/04/2018,904.34,907.41,902.81,909.1
10/04/2018,909.34,907.81,904.74,913.75
11/04/2018,911.42,920.29,908.01,922.22
12/04/2018,921.23,918.8,914.4,926.48
13/04/2018,922.37,930,920.34,932.52
16/04/2018,926.18,928.41,919.55,931.04
17/04/2018,929.4,934.8,927.27,938.57
18/04/2018,936.09,928.16,925.19,939.31
19/04/2018,929.35,932.37,926.28,935.05
20/04/2018,930.15,919.3,912.76,932.72
23/04/2018,918.56,926.33,917.27,934.06
24/04/2018,928.86,960.61,926.18,965.31
25/04/2018,963.38,961.55,955.4,972.19
26/04/2018,962.83,966.15,954.32,978.68
27/04/2018,978.93,985.37,978.93,1001.17
30/04/2018,975.41,954.02,951.94,982.65
02/05/2018,959.66,963.82,957.14,968.98
03/05/2018,967.79,953.52,950.25,969.57
04/05/2018,954.86,944.9,940.69,955.4
07/05/2018,948.97,962.69,947.48,964.82
08/05/2018,964.37,958.53,956.05,972.74
09/05/2018,958.53,966.1,952.93,973.38
10/05/2018,967.89,971.45,965.31,974.72
11/05/2018,973.53,979.18,968.03,980.81
14/05/2018,984.53,975.56,967.19,984.53
15/05/2018,970.76,970.11,967.79,989.88
16/05/2018,967.09,947.43,945.4,967.09
17/05/2018,950.85,936.24,933.61,951.64
18/05/2018,937.08,924.6,922.72,944.56
21/05/2018,923.21,923.16,913.31,926.58
22/05/2018,924.2,918.16,915.78,925.39
23/05/2018,918.26,903.65,900.48,918.36
24/05/2018,908.06,907.41,902.26,912.27
25/05/2018,909.39,913.06,906.97,915.53
28/05/2018,914.84,912.31,910.28,918.41
29/05/2018,911.37,908.35,905.53,919.15
30/05/2018,905.38,908.7,898.55,914.1
31/05/2018,910.68,912.61,907.86,915.29
01/06/2018,912.61,920.44,910.43,926.08
04/06/2018,925.98,930.49,923.21,934.85
05/06/2018,932.37,938.91,932.32,945.99
06/06/2018,939.95,944.41,933.66,946.39
07/06/2018,945.99,962.24,945.99,966.4
08/06/2018,959.76,974.13,951.49,977.2
11/06/2018,975.07,973.19,968.98,990.07
12/06/2018,972.94,986.01,971.2,988.59
13/06/2018,989.58,992.65,980.66,995.42
14/06/2018,986.81,998,978.88,1002.16
15/06/2018,998,1004.29,990.32,1013.85
18/06/2018,1001.27,1005.43,998.2,1008.99
19/06/2018,1005.43,986.26,983.69,1005.43
20/06/2018,987.1,1010.33,986.61,1012.11
21/06/2018,1013.35,1022.61,1010.78,1026.03
22/06/2018,1020.29,1002.75,999.09,1020.29
25/06/2018,1007.41,994.09,992.5,1007.41
26/06/2018,994.14,969.47,966.3,995.57
27/06/2018,970.76,956.2,951.44,976.45
28/06/2018,955.95,935.79,932.47,959.86
29/06/2018,943.02,963.78,940.74,968.53
02/07/2018,963.82,951.99,948.52,964.32
03/07/2018,954.91,962.44,951.94,969.03
04/07/2018,965.61,980.71,962.83,982.65
05/07/2018,989.28,955.9,951.05,998.99
06/07/2018,956.79,967.29,955.7,973.19
09/07/2018,976.21,986.26,974.03,989.28
10/07/2018,992.06,1016.08,992.06,1018.8
11/07/2018,1015.33,1026.58,1007.41,1028.91
12/07/2018,1033.31,1071.99,1033.31,1088.44
13/07/2018,1072.69,1086.41,1070.71,1096.81
16/07/2018,1087.7,1066,1062.88,1098.05
17/07/2018,1068.83,1081.41,1059.07,1084.67
18/07/2018,1087.55,1080.27,1068.83,1094.08
19/07/2018,1084.67,1093.49,1076.55,1103.49
20/07/2018,1100.03,1117.91,1100.03,1127.52
23/07/2018,1119.05,1109.59,1103.49,1119.34
24/07/2018,1111.42,1100.08,1097.2,1115.48
25/07/2018,1101.76,1103.54,1094.13,1111.72
26/07/2018,1102.5,1099.88,1097.25,1110.43
27/07/2018,1106.66,1118.95,1102.31,1126.28
30/07/2018,1125.29,1138.86,1115.98,1146.63
31/07/2018,1139.16,1174.67,1134.2,1178.78
01/08/2018,1183.73,1179.92,1174.77,1191.61
02/08/2018,1181.11,1157.33,1155,1183.24
03/08/2018,1163.92,1165.65,1158.47,1172.69
06/08/2018,1168.87,1180.26,1163.77,1184.72
07/08/2018,1184.72,1172.39,1167.19,1188.68
08/08/2018,1177.19,1205.77,1174.82,1210.48
09/08/2018,1208.5,1206.46,1200.57,1219.89
10/08/2018,1203.54,1192.65,1190.62,1203.84
13/08/2018,1191.66,1175.96,1171.89,1191.66
14/08/2018,1176,1199.53,1174.07,1204.93
16/08/2018,1195.02,1188.88,1184.97,1204.24
17/08/2018,1194.63,1192.1,1188.93,1203.54
20/08/2018,1195.12,1223.25,1195.12,1226.38
21/08/2018,1224.34,1234.75,1215.58,1239.2
23/08/2018,1232.27,1257.73,1226.92,1261.54
24/08/2018,1253.07,1266,1249.01,1267.93
27/08/2018,1267.98,1279.42,1267.93,1283.98
28/08/2018,1286.5,1305.77,1283.28,1310.52
29/08/2018,1306.56,1282.24,1278.13,1316.22
30/08/2018,1287.74,1262.09,1258.47,1287.74
31/08/2018,1261.79,1229.25,1225.38,1261.79
03/09/2018,1237.22,1218.8,1215.92,1246.14
04/09/2018,1223.35,1230.63,1218.4,1242.92
05/09/2018,1233.26,1214.24,1198.59,1240.64
06/09/2018,1218.4,1248.27,1214.44,1251.88
07/09/2018,1255.75,1264.71,1243.02,1267.83
10/09/2018,1262.98,1245.3,1239.75,1264.71
11/09/2018,1248.12,1226.77,1223.35,1255.8
12/09/2018,1232.71,1240.89,1218.25,1245.79
14/09/2018,1249.11,1240.99,1236.78,1262.98
17/09/2018,1240.09,1214.69,1208.99,1240.09
18/09/2018,1212.46,1205.72,1202.8,1227.22
19/09/2018,1213.45,1198.89,1189.87,1215.43
21/09/2018,1208.54,1205.38,1172.04,1225.43
24/09/2018,1204.53,1220.68,1192.89,1228.21
25/09/2018,1221.67,1219,1184.47,1233.16
26/09/2018,1223.55,1239.95,1215.23,1242.27
27/09/2018,1247.92,1241.09,1226.92,1251.34
28/09/2018,1248.12,1246.34,1235.88,1259.11
01/10/2018,1246.34,1219.94,1192.94,1248.12
03/10/2018,1221.47,1193.93,1187.4,1228.06
04/10/2018,1187.69,1109.98,1094.63,1187.69
05/10/2018,1092.2,1039.95,1029.75,1105.03
08/10/2018,1038.96,1097.5,1015.53,1104.83
09/10/2018,1110.53,1080.12,1070.56,1112.91
10/10/2018,1084.67,1091.95,1074.87,1104.19
11/10/2018,1057.73,1078.93,1033.21,1103.89
12/10/2018,1092.1,1115.78,1091.61,1118.35
15/10/2018,1122.61,1129.05,1108.7,1135.54
16/10/2018,1135.34,1152.68,1130.04,1156.99
17/10/2018,1168.87,1138.07,1130.24,1169.81
19/10/2018,1093.49,1091.26,1063.03,1099.53
22/10/2018,1100.52,1052.43,1047.38,1104.29
23/10/2018,1043.07,1042.67,1033.86,1054.46
24/10/2018,1063.87,1036.73,1021.28,1064.81
25/10/2018,1026.23,1020.49,1007.41,1030.24
26/10/2018,1030.19,1034.85,1012.51,1046.78
29/10/2018,1037.82,1077.74,1037.13,1082.84
30/10/2018,1077.2,1047.18,1042.08,1077.2
31/10/2018,1054.66,1051.39,1037.77,1055.65
01/11/2018,1056.34,1046.93,1040.4,1058.72
02/11/2018,1057.73,1064.12,1052.98,1070.81
05/11/2018,1063.87,1078.28,1054.46,1083.19
06/11/2018,1083.98,1093.04,1082.74,1101.46
07/11/2018,1106.27,1100.08,1096.16,1106.47
09/11/2018,1095.57,1083.04,1075.76,1102.8
12/11/2018,1088.14,1068.58,1064.17,1089.68
13/11/2018,1065.75,1089.18,1060.9,1092.4
14/11/2018,1094.58,1085.76,1076.75,1102.36
15/11/2018,1085.66,1086.56,1076.85,1092.45
16/11/2018,1085.76,1116.87,1085.76,1118.65
19/11/2018,1121.33,1138.76,1120.53,1140.54
20/11/2018,1135.19,1127.91,1119.74,1144.55
21/11/2018,1126.28,1101.81,1096.61,1134.6
22/11/2018,1104.19,1092.45,1089.63,1114.49
26/11/2018,1099.48,1099.14,1087.7,1106.71
27/11/2018,1099.04,1116.87,1091.31,1118.75
28/11/2018,1121.62,1135.44,1115.88,1146.78
29/11/2018,1148.07,1158.97,1147.87,1168.77
30/11/2018,1160.95,1157.18,1151.98,1174.82
03/12/2018,1161,1145.4,1137.82,1162.93
04/12/2018,1146.09,1140.69,1132.17,1146.49
05/12/2018,1133.91,1143.96,1128.85,1148.07
06/12/2018,1136.68,1112.86,1107.7,1137.03
07/12/2018,1122.12,1122.56,1098.64,1124.5
10/12/2018,1102.16,1078.24,1073.78,1102.26
11/12/2018,1056.05,1085.86,1045.4,1089.83
12/12/2018,1089.63,1100.03,1077.84,1102.85
13/12/2018,1114.99,1096.36,1086.21,1115.73
14/12/2018,1093.49,1101.27,1082.3,1104.49
17/12/2018,1104.19,1119.94,1099.83,1123.11
18/12/2018,1111.42,1125.73,1110.23,1128.75
19/12/2018,1127.91,1126.38,1120.73,1135.74
20/12/2018,1113.4,1116.62,1105.97,1121.28
21/12/2018,1117.66,1087.99,1084.67,1120.73
24/12/2018,1091.41,1079.77,1076.25,1092.6
26/12/2018,1076.75,1086.61,1056.49,1090.27
27/12/2018,1094.58,1109.44,1094.04,1115.28
28/12/2018,1112.71,1115.18,1111.42,1125.19
31/12/2018,1116.52,1110.48,1106.07,1122.71
01/01/2019,1115.38,1110.78,1101.07,1119.34
02/01/2019,1105.48,1095.87,1091.06,1116.12
03/01/2019,1097.6,1081.45,1079.37,1103.94
04/01/2019,1087.65,1088.69,1071.05,1093.94
07/01/2019,1094.73,1093.04,1090.62,1107.41
08/01/2019,1095.92,1093.54,1085.76,1099.43
09/01/2019,1101.41,1097.95,1088.14,1105.48
10/01/2019,1097.95,1095.22,1091.71,1100.18
11/01/2019,1098.84,1087.55,1079.23,1103.49
14/01/2019,1086.36,1086.11,1076.01,1091.61
15/01/2019,1092.8,1118.9,1092.8,1121.62
16/01/2019,1124,1123.36,1119.59,1133.86
17/01/2019,1130.24,1123.06,1118.45,1136.98
18/01/2019,1138.86,1171.79,1124.79,1178.04
21/01/2019,1182.64,1222.86,1178.53,1225.73
22/01/2019,1222.36,1223.11,1207.9,1234.5
23/01/2019,1221.77,1214.14,1210.97,1232.27
24/01/2019,1213.5,1233.66,1208.59,1239.95
25/01/2019,1238.31,1234.5,1224.89,1251.09
28/01/2019,1241.18,1218,1210.23,1243.61
29/01/2019,1218.4,1199.48,1190.27,1220.28
30/01/2019,1203.54,1183.53,1179.32,1213.35
31/01/2019,1189.67,1215.53,1189.67,1218.2
01/02/2019,1222.36,1235.54,1214.19,1241.18
04/02/2019,1233.8,1278.97,1233.26,1284.77
05/02/2019,1279.82,1278.13,1266.54,1291.95
06/02/2019,1285.76,1297.5,1279.82,1304.09
07/02/2019,1298.59,1278.03,1273.67,1308.39
08/02/2019,1274.86,1265.3,1260.25,1286.45
11/02/2019,1264.96,1241.63,1239.2,1264.96
12/02/2019,1241.18,1244.85,1240.09,1260.01
13/02/2019,1249.11,1232.67,1223.35,1260.9
14/02/2019,1228.55,1213.94,1206.61,1230.98
15/02/2019,1213.45,1231.77,1203.54,1236.73
18/02/2019,1233.56,1208.25,1204.48,1239.6
19/02/2019,1207.7,1204.88,1199.88,1228.01
20/02/2019,1214.54,1222.71,1207.26,1227.56
21/02/2019,1224.34,1234.7,1218.6,1244.85
22/02/2019,1229.55,1220.98,1214.54,1234.15
25/02/2019,1224.15,1220.53,1211.62,1231.28
26/02/2019,1202.95,1208.2,1194.78,1221.97
27/02/2019,1215.83,1210.92,1197.75,1232.27
28/02/2019,1219.39,1219.94,1213.79,1227.81
01/03/2019,1223.35,1215.13,1210.92,1230.78
05/03/2019,1215.13,1225.29,1206.71,1227.71
06/03/2019,1227.81,1251.63,1223.85,1259.81
07/03/2019,1250.79,1257.88,1247.03,1266.94
08/03/2019,1253.12,1254.66,1249.6,1261.99
11/03/2019,1258.82,1288.73,1256.14,1300.62
12/03/2019,1304.68,1317.31,1303.09,1320.43
13/03/2019,1321.92,1334.05,1315.23,1337.27
14/03/2019,1337.27,1328.55,1321.42,1348.61
15/03/2019,1332.32,1310.13,1299.28,1345.39
18/03/2019,1312.6,1334.89,1312.6,1345.34
19/03/2019,1346.18,1362.28,1330.34,1365.01
20/03/2019,1366,1362.63,1350.74,1373.52
22/03/2019,1361.04,1329.44,1324.89,1367.23
25/03/2019,1317.56,1312.75,1304.73,1324.14
26/03/2019,1317.46,1354.26,1317.46,1357.03
27/03/2019,1364.01,1337.37,1332.22,1364.01
28/03/2019,1337.27,1347.72,1330.68,1356.98
29/03/2019,1353.12,1350.2,1343.31,1363.02
01/04/2019,1355.64,1378.43,1350,1393.24
02/04/2019,1383.38,1375.36,1367.78,1389.47
03/04/2019,1381.3,1360.85,1357.08,1389.13
04/04/2019,1366,1340.34,1334.35,1370.7
05/04/2019,1347.27,1342.32,1330.93,1350.99
08/04/2019,1341.83,1316.86,1311.51,1343.31
09/04/2019,1318.35,1322.76,1309.14,1327.36
10/04/2019,1327.36,1316.42,1313.5,1334.94
11/04/2019,1320.23,1333.46,1316.17,1338.95
12/04/2019,1336.18,1329.3,1324.69,1343.76
15/04/2019,1332.02,1327.12,1321.37,1336.08
16/04/2019,1332.32,1332.61,1327.61,1346.88
18/04/2019,1352.57,1369.86,1352.13,1373.92
22/04/2019,1351.14,1332.12,1328.35,1352.28
23/04/2019,1337.22,1350.44,1332.96,1358.91
24/04/2019,1357.08,1376.89,1353.47,1381.45
25/04/2019,1379.76,1361.59,1352.13,1397.6
26/04/2019,1364.71,1378.33,1357.53,1381.85
30/04/2019,1381.85,1378.68,1354.11,1381.85
02/05/2019,1380.85,1391.85,1368.97,1400.42
03/05/2019,1393.73,1393.78,1388.18,1403.64
06/05/2019,1385.81,1371.79,1365.55,1388.78
07/05/2019,1378.38,1331.87,1328.65,1380.85
08/05/2019,1327.36,1287.2,1278.88,1327.36
09/05/2019,1279.52,1243.31,1239.7,1279.52
10/05/2019,1252.97,1238.71,1233.26,1265.85
13/05/2019,1238.61,1219.24,1215.43,1248.46
14/05/2019,1223.55,1247.62,1220.38,1257.53
15/05/2019,1262.78,1245.39,1239.3,1265.85
16/05/2019,1249.11,1252.13,1245.89,1258.37
17/05/2019,1256.04,1253.76,1243.17,1264.86
20/05/2019,1301.51,1313,1290.32,1323.9
21/05/2019,1316.76,1327.12,1316.76,1353.37
22/05/2019,1336.28,1328.06,1321.92,1346.18
23/05/2019,1357.08,1323.2,1311.96,1378.87
24/05/2019,1337.17,1324.19,1304.18,1340.74
27/05/2019,1323.4,1298.34,1295.67,1324.39
28/05/2019,1304.78,1313.45,1301.66,1322.21
29/05/2019,1309.78,1300.87,1292.2,1320.58
30/05/2019,1303.99,1318.05,1303.59,1327.81
31/05/2019,1326.37,1317.21,1308.79,1328.26
03/06/2019,1322.41,1345.49,1309.63,1352.13
04/06/2019,1345.19,1338.36,1334.74,1360.05
06/06/2019,1341.43,1314.54,1309.19,1346.18
07/06/2019,1315.18,1302.9,1293.29,1316.17
10/06/2019,1307.45,1306.41,1298.24,1314.49
11/06/2019,1308.69,1316.02,1304.78,1322.21
12/06/2019,1322.61,1318.55,1313.15,1325.98
13/06/2019,1318.4,1311.81,1297.65,1321.77
14/06/2019,1310.23,1304.53,1297.15,1312.6
17/06/2019,1308.74,1269.42,1265.45,1309.04
18/06/2019,1268.92,1270.46,1257.33,1275.46
19/06/2019,1273.13,1265.45,1250.79,1288.88
20/06/2019,1266.94,1284.67,1266.1,1287.74
21/06/2019,1282.79,1267.14,1263.97,1283.38
24/06/2019,1256.04,1250.74,1245.59,1263.97
25/06/2019,1250.1,1283.58,1242.52,1285.56
26/06/2019,1275.9,1282.34,1274.96,1292.2
27/06/2019,1282.34,1262.83,1259.11,1284.42
28/06/2019,1266.94,1240.19,1236.28,1270.7
01/07/2019,1245.15,1256.54,1235.24,1260.01
02/07/2019,1263.03,1266,1251.73,1268.92
03/07/2019,1269.46,1270.16,1263.97,1274.27
04/07/2019,1269.91,1270.9,1268.67,1279.07
05/07/2019,1274.91,1250.69,1247.57,1278.03
08/07/2019,1249.11,1240.09,1236.28,1255.75
09/07/2019,1238.51,1267.38,1233.36,1271.74
10/07/2019,1269.12,1266.3,1257.03,1276.55
11/07/2019,1271.94,1269.22,1267.53,1277.59
12/07/2019,1272.59,1268.52,1265.95,1287.54
15/07/2019,1272.88,1263.87,1259.01,1276.84
16/07/2019,1266.94,1280.91,1257.13,1282.79
17/07/2019,1284.57,1269.46,1267.93,1284.57
18/07/2019,1269.81,1249.9,1246.14,1274.07
19/07/2019,1256.29,1237.22,1231.28,1259.01
22/07/2019,1245.1,1268.42,1216.02,1272.44
23/07/2019,1273.58,1260.85,1249.41,1281.8
24/07/2019,1261.99,1246.93,1242.57,1266.99
25/07/2019,1255.99,1220.68,1215.58,1256.84
26/07/2019,1221.82,1202.65,1198.64,1230.29
29/07/2019,1207.9,1199.73,1193.74,1209.98
30/07/2019,1199.83,1169.42,1164.71,1208.4
31/07/2019,1166.84,1155,1152.03,1173.68
01/08/2019,1158.77,1169.42,1139.35,1177.09
02/08/2019,1164.42,1173.03,1151.39,1186.7
05/08/2019,1166.4,1132.22,1118.35,1166.4
06/08/2019,1126.08,1117.36,1111.37,1139.06
07/08/2019,1117.16,1098.54,1092.6,1127.66
08/08/2019,1098.54,1141.09,1085.32,1147.08
09/08/2019,1148.07,1151.04,1141.83,1163.92
13/08/2019,1228.31,1262.98,1213.75,1290.22
14/08/2019,1285.76,1276.15,1268.03,1291.7
16/08/2019,1278.38,1265.35,1261.19,1278.83
19/08/2019,1268.72,1279.92,1268.47,1284.42
20/08/2019,1281.8,1263.97,1260.85,1281.8
21/08/2019,1265.35,1258.82,1254.71,1266.34
22/08/2019,1259.01,1234.75,1227.37,1259.06
23/08/2019,1231.28,1263.92,1215.23,1271.79
26/08/2019,1281.8,1253.96,1247.82,1281.8
27/08/2019,1270.9,1263.08,1249.9,1271.79
28/08/2019,1263.97,1251.14,1245,1268.42
29/08/2019,1246.09,1230.49,1223.85,1248.12
30/08/2019,1235.24,1236.58,1209.34,1242.17
03/09/2019,1228.31,1194.53,1188.68,1231.33
04/09/2019,1188.68,1190.22,1174.32,1193.54
05/09/2019,1196.61,1187,1181.95,1202.3
06/09/2019,1193.64,1210.97,1184.97,1217.41
09/09/2019,1210.48,1210.58,1201.76,1221.13
11/09/2019,1211.17,1222.46,1211.17,1228.26
12/09/2019,1226.33,1198.94,1194.97,1227.91
13/09/2019,1203.25,1213.99,1195.67,1216.67
16/09/2019,1179.77,1199.38,1177.29,1206.66
17/09/2019,1203.34,1185.91,1182.44,1203.34
18/09/2019,1193.49,1194.33,1186.31,1204.63
19/09/2019,1195.62,1167.58,1162.19,1197.95
20/09/2019,1175.41,1242.57,1163.52,1257.53
23/09/2019,1265.95,1226.97,1221.57,1268.77
24/09/2019,1231.28,1266.49,1230.34,1286.3
25/09/2019,1268.92,1267.73,1257.38,1283.23
26/09/2019,1277.84,1284.37,1271.35,1286.45
27/09/2019,1281.6,1296.41,1271.89,1302.5
30/09/2019,1297.65,1320.03,1293.49,1323.4
01/10/2019,1322.41,1292.74,1281.6,1329.84
03/10/2019,1277.88,1298.64,1269.12,1301.71
04/10/2019,1304.68,1295.12,1291.75,1315.97
07/10/2019,1297.65,1297.45,1289.28,1307.55
09/10/2019,1299.53,1313.25,1280.96,1317.46
10/10/2019,1315.48,1349.55,1310.08,1355.1
11/10/2019,1352.13,1339.65,1324.39,1353.12
14/10/2019,1350.74,1344.85,1338.26,1350.74
15/10/2019,1350.64,1350.44,1332.32,1357.08
16/10/2019,1355.4,1359.76,1350.64,1366.89
17/10/2019,1365.01,1382.98,1359.21,1385.81
18/10/2019,1389.87,1401.95,1386.5,1414.53
22/10/2019,1413.59,1400.91,1390.76,1424.09
23/10/2019,1403.64,1379.72,1370.35,1412.06
24/10/2019,1386.85,1422.71,1373.67,1427.41
25/10/2019,1423.94,1417.21,1398.49,1426.67
27/10/2019,1426.42,1420.58,1416.52,1432.12
29/10/2019,1428.65,1453.27,1428.65,1466.44
30/10/2019,1466.14,1464.76,1446.63,1470.01
31/10/2019,1468.27,1450.39,1447.22,1475.45
01/11/2019,1446.13,1443.26,1427.51,1448.26
04/11/2019,1452.18,1443.51,1431.37,1457.28
05/11/2019,1444.8,1433.95,1427.02,1455.15
06/11/2019,1432.07,1418.6,1415.23,1432.56
07/11/2019,1424.44,1445.04,1419.44,1449.1
08/11/2019,1444.85,1431.72,1427.41,1445.84
11/11/2019,1426.42,1414.34,1409.93,1430.43
13/11/2019,1417.51,1458.12,1416.52,1461.09
14/11/2019,1461.09,1449.6,1442.32,1467.03
15/11/2019,1451.43,1455.44,1449.45,1472.48
18/11/2019,1457.48,1444.75,1436.28,1471.99
19/11/2019,1453.66,1495.56,1451.68,1500.66
20/11/2019,1537.91,1532.46,1528.99,1557.03
21/11/2019,1532.91,1522.75,1514.19,1541.62
22/11/2019,1528.45,1531.82,1523.4,1554.8
25/11/2019,1536.37,1545.98,1536.37,1549.85
26/11/2019,1554.6,1544.15,1541.33,1561.14
27/11/2019,1546.28,1554.95,1541.72,1560.15
28/11/2019,1557.67,1565.05,1549.65,1569.06
29/11/2019,1567.08,1536.28,1533.4,1567.08
02/12/2019,1579.96,1571.34,1562.82,1598.78
03/12/2019,1576,1563.96,1558.27,1578.32
04/12/2019,1555.44,1537.91,1518.99,1562.18
05/12/2019,1564.11,1535.68,1529.44,1564.95
06/12/2019,1543.31,1540.29,1526.86,1553.41
09/12/2019,1539.49,1557.72,1533.06,1562.43
10/12/2019,1557.08,1547.47,1539.59,1559.95
11/12/2019,1542.81,1547.86,1536.37,1560.3
12/12/2019,1552.22,1552.72,1542.57,1558.76
13/12/2019,1560.15,1567.53,1557.72,1575.01
16/12/2019,1574.31,1551.78,1548.86,1577.98
17/12/2019,1555,1547.42,1540.93,1564.61
18/12/2019,1547.42,1560.84,1547.27,1565.1
19/12/2019,1559.85,1590.01,1557.52,1599.77
20/12/2019,1596.01,1584.32,1580.6,1602.54
23/12/2019,1540.34,1556.19,1540.34,1562.13
24/12/2019,1556.09,1531.37,1528.2,1557.32
26/12/2019,1531.37,1501.65,1496.7,1538.65
27/12/2019,1510.62,1527.61,1507.1,1531.22
30/12/2019,1528.45,1529.64,1513.89,1532.41
31/12/2019,1530.13,1499.82,1494.87,1530.13
01/01/2020,1501.8,1495.46,1491.15,1513
02/01/2020,1499.72,1520.87,1498.73,1526.27
03/01/2020,1519.93,1522.75,1509.03,1526.77
06/01/2020,1512.6,1487.34,1483.38,1513.59
07/01/2020,1505.67,1510.67,1500.17,1519.53
08/01/2020,1493.78,1499.67,1493.78,1519.98
09/01/2020,1522.75,1533.35,1517.4,1535.19
10/01/2020,1535.38,1533.11,1525.58,1543.06
13/01/2020,1532.41,1528.9,1524.14,1543.8
14/01/2020,1527.9,1514.63,1508.34,1535.88
15/01/2020,1523.99,1509.63,1504.68,1525.92
16/01/2020,1514.63,1523.2,1514.09,1528.45
17/01/2020,1536.52,1565.74,1536.52,1569.86
20/01/2020,1592.89,1517.55,1512.6,1594.32
21/01/2020,1515.27,1519.48,1508.64,1531.37
22/01/2020,1526.02,1518.64,1516.46,1532.11
23/01/2020,1523.89,1512.6,1506.66,1527.01
24/01/2020,1513.59,1507.35,1504.33,1521.96
27/01/2020,1500.76,1492.39,1490.81,1509.98
28/01/2020,1492.84,1457.48,1450.39,1496.21
29/01/2020,1462.08,1465.75,1451.19,1480.36
30/01/2020,1469.96,1428.9,1426.42,1469.96
31/01/2020,1437.32,1398.39,1394.18,1440.54
01/02/2020,1393.68,1370.26,1358.17,1413.54
03/02/2020,1359.06,1372.78,1350.64,1385.81
04/02/2020,1384.82,1412.4,1384.72,1418.35
05/02/2020,1420.48,1434.39,1416.71,1438.6
06/02/2020,1439.3,1443.9,1426.62,1452.62
07/02/2020,1439.1,1420.23,1415.03,1439.1
10/02/2020,1416.52,1423.2,1397.74,1431.97
11/02/2020,1432.12,1438.9,1431.42,1451.83
12/02/2020,1444.2,1456.14,1442.27,1460.1
13/02/2020,1465.75,1460.05,1448.91,1465.75
14/02/2020,1463.91,1472.63,1439.6,1486.85
17/02/2020,1475.95,1464.46,1460.74,1491.8
18/02/2020,1465.05,1452.27,1444.25,1465.05
19/02/2020,1461.64,1490.02,1461.64,1492.29
20/02/2020,1484.57,1471.49,1469.46,1493.73
24/02/2020,1463.07,1431.23,1426.02,1463.07
25/02/2020,1436.33,1402.94,1396.7,1437.71
26/02/2020,1398.78,1378.28,1374.17,1401.66
27/02/2020,1376.89,1372.73,1356.68,1380.81
28/02/2020,1345.99,1316.12,1312.51,1345.99
02/03/2020,1345.59,1302.45,1291.21,1355.84
03/03/2020,1317.46,1330.98,1309.34,1340.59
04/03/2020,1337.52,1326.52,1295.76,1340.24
05/03/2020,1337.27,1299.13,1293.68,1345.54
06/03/2020,1263.97,1258.07,1229.89,1276.2
09/03/2020,1233.26,1102.65,1084.62,1233.26
11/03/2020,1102.65,1142.37,1099.53,1167.29
12/03/2020,1076.75,1051.59,1039.6,1090.32
13/03/2020,995.52,1096.46,930.99,1129.15
16/03/2020,1055.6,1005.68,996.07,1069.47
17/03/2020,1031.38,999.39,994.53,1049.01
18/03/2020,1013.35,959.71,952.14,1025.34
19/03/2020,916.28,908.45,882.6,958.38
20/03/2020,930.15,1010.58,921.28,1023.95
23/03/2020,911.32,875.52,867.44,943.02
24/03/2020,934.11,934.21,887.35,961.25
25/03/2020,942.03,1071.05,942.03,1141.14
26/03/2020,1079.72,1064.62,1033.31,1106.62
27/03/2020,1089.63,1055.45,1037.37,1097.25
30/03/2020,1038.07,1022.61,1010.38,1063.87
31/03/2020,1060.9,1101.96,1038.91,1118.35
01/04/2020,1105.67,1070.46,1034.9,1114.34
03/04/2020,1119.34,1068.03,1047.03,1120.93
07/04/2020,1095.57,1195.02,1090.62,1202.25
08/04/2020,1163.92,1180.91,1150.89,1217.36
09/04/2020,1199.78,1207.7,1182,1221.13
13/04/2020,1196.61,1178.04,1168.87,1203.54
15/04/2020,1189.67,1139.21,1131.92,1224.29
16/04/2020,1135.79,1157.68,1135.79,1176.15
17/04/2020,1208.5,1213.5,1181.45,1218.3
20/04/2020,1214.93,1232.71,1190.96,1245.15
21/04/2020,1196.71,1224.39,1153.47,1240.74
22/04/2020,1307.55,1350.49,1287.74,1371.64
23/04/2020,1356.78,1358.57,1341.48,1372.78
24/04/2020,1342.12,1403.98,1335.29,1480.9
27/04/2020,1426.42,1416.81,1409.53,1460.64
28/04/2020,1437.71,1414.63,1378.82,1441.03
29/04/2020,1432.36,1412.75,1407.1,1439.35
30/04/2020,1440.29,1453.22,1426.42,1480.41
04/05/2020,1428.4,1421.86,1406.36,1451.09
05/05/2020,1437.37,1447.22,1433.35,1464.85
06/05/2020,1448.21,1447.87,1432.36,1470.01
07/05/2020,1436.33,1493.04,1431.27,1499.43
08/05/2020,1535.38,1547.07,1523.1,1564.8
11/05/2020,1567.08,1561.88,1557.18,1599.62
12/05/2020,1563.12,1466.29,1441.28,1563.12
13/05/2020,1534.75,1496.4,1454,1534.75
14/05/2020,1472,1435.45,1430.05,1496.4
15/05/2020,1445.7,1458.9,1415.55,1467
18/05/2020,1471.8,1440.65,1428,1482
19/05/2020,1461.9,1408.15,1404,1461.9
20/05/2020,1407.3,1434.65,1393.65,1445.85
21/05/2020,1438,1440.05,1425.35,1460.85
22/05/2020,1454.8,1431.6,1426.8,1458.5
26/05/2020,1439.4,1423.7,1416.3,1449
27/05/2020,1434,1446.95,1412.2,1454.1
28/05/2020,1455,1472.65,1450.55,1479.2
29/05/2020,1470.7,1465.2,1453,1471.5
01/06/2020,1480,1520.45,1475.65,1539.2
02/06/2020,1521,1536.1,1521,1540
03/06/2020,1545,1542.45,1533.25,1559
04/06/2020,1540,1579.95,1540,1589
05/06/2020,1601.9,1580.6,1574.3,1617.7
08/06/2020,1624,1570.05,1565.05,1624
09/06/2020,1580,1537.1,1533.05,1582.35
10/06/2020,1541.1,1572,1540.6,1579
11/06/2020,1569,1537.5,1530.95,1569
12/06/2020,1495,1588.8,1495,1593
15/06/2020,1577,1615,1561.55,1626.7
16/06/2020,1641.5,1617.5,1585.15,1647.85
17/06/2020,1608,1615.4,1602,1634.95
18/06/2020,1605.55,1656.25,1605.55,1665
19/06/2020,1674.7,1759.5,1660.6,1788.6
22/06/2020,1775.05,1747.2,1734.85,1804.1
23/06/2020,1754,1720.05,1715.8,1764.15
24/06/2020,1739.8,1727.35,1712.6,1772
25/06/2020,1729,1717.95,1713.85,1749
26/06/2020,1730.35,1742.6,1717.2,1751.5
29/06/2020,1728,1723.15,1715,1738.9
30/06/2020,1736.3,1703.35,1696,1740.7
01/07/2020,1718,1737.9,1708.75,1748.65
02/07/2020,1750,1760.55,1734.4,1766.8
03/07/2020,1781.05,1787.5,1768.5,1792.8
06/07/2020,1801.15,1851.4,1792,1858
07/07/2020,1870,1823.95,1806.4,1870
08/07/2020,1826,1797.35,1790.1,1834.8
09/07/2020,1807.5,1824.6,1787,1834.4
10/07/2020,1829.9,1878.5,1824.6,1884.4
13/07/2020,1908.5,1934.3,1900.1,1947
14/07/2020,1934.7,1916.65,1887.8,1941
15/07/2020,1938.7,1845.6,1798.15,1978.5
16/07/2020,1850,1843.1,1812.25,1868
17/07/2020,1845,1911.35,1838.2,1919.9
20/07/2020,1920.05,1919.3,1899.6,1931.25
21/07/2020,1941.8,1971.85,1935,1976.8
22/07/2020,1980.05,2004.1,1960,2010
23/07/2020,2004.1,2060.65,1991.1,2078.9
24/07/2020,2060,2146.2,2055.9,2162.8
27/07/2020,2189.5,2155.85,2128.05,2198.7
28/07/2020,2163.8,2177.45,2152.2,2193.4
29/07/2020,2180,2095.85,2071,2185.2
30/07/2020,2100,2108.65,2072.3,2139
31/07/2020,2125,2066.95,2053.3,2129.85
03/08/2020,2059,2008.45,2004,2059
04/08/2020,2017.1,2151.15,2001.25,2167
05/08/2020,2170,2126.65,2118,2195
06/08/2020,2160,2134.55,2106.95,2167.55
07/08/2020,2124.55,2146.7,2120.1,2157
10/08/2020,2156.5,2119.6,2108.25,2164.95
11/08/2020,2137.7,2134.05,2101.15,2160
12/08/2020,2124,2127.6,2106.6,2144.9
13/08/2020,2133.5,2122.3,2110,2139
14/08/2020,2122.3,2114.1,2090.2,2156.5
17/08/2020,2103.15,2091.45,2070,2107.3
18/08/2020,2089.7,2118.75,2082.95,2132.9
19/08/2020,2141.95,2133.2,2121.35,2154
20/08/2020,2118.05,2096.35,2087.8,2123.9
21/08/2020,2119.8,2081.75,2077.05,2119.8
24/08/2020,2098.8,2096.05,2070.15,2104.65
25/08/2020,2105,2082,2078.3,2111.3
26/08/2020,2087.4,2136.85,2047.25,2147.15
27/08/2020,2146.25,2111.7,2103.75,2148.5
28/08/2020,2120,2115.6,2106.2,2131.9
31/08/2020,2172,2078.55,2061.25,2172
01/09/2020,2095,2087.55,2063.45,2121.75
02/09/2020,2095,2128.6,2085.5,2137
03/09/2020,2128,2112.15,2103.2,2137
04/09/2020,2065.6,2077.4,2065.6,2097
07/09/2020,2080.2,2082.4,2045.35,2105
08/09/2020,2093.8,2107.05,2080.9,2120
09/09/2020,2085,2161.25,2085,2167.2
10/09/2020,2185,2314.65,2176.15,2343.9
11/09/2020,2314.65,2318.85,2286.05,2337
14/09/2020,2319.75,2302.35,2281.95,2360
15/09/2020,2315,2317.9,2288.2,2326.5
16/09/2020,2323.7,2323.85,2311.75,2368.8
17/09/2020,2319,2299.35,2293,2334.4
18/09/2020,2315.8,2305.5,2277.05,2319.6
21/09/2020,2305,2255.15,2248,2336.55
22/09/2020,2287,2211.15,2201.35,2287
23/09/2020,2275,2229.55,2206.15,2276.5
24/09/2020,2210,2181.15,2175.65,2226
25/09/2020,2196,2201.7,2168.6,2212.6
28/09/2020,2229,2215.75,2207.25,2238.7
29/09/2020,2222,2244.85,2217.15,2264
30/09/2020,2264.8,2233.75,2225.1,2267.55
01/10/2020,2264,2225.05,2213.85,2264
05/10/2020,2246,2211.15,2205.5,2249
06/10/2020,2228,2210.15,2201.45,2234
07/10/2020,2233.25,2257.15,2221,2309.4
08/10/2020,2261.8,2238.9,2222.4,2268
09/10/2020,2237,2233.7,2217.2,2252.65
12/10/2020,2233.5,2236.6,2226.85,2254.85
13/10/2020,2232.2,2280.25,2228.2,2285.95
14/10/2020,2284.9,2287.35,2269.55,2304.2
15/10/2020,2291,2205.55,2195.1,2291.7
16/10/2020,2214.8,2175.5,2173.05,2232
19/10/2020,2192,2175.8,2156,2228.4
20/10/2020,2183.7,2155.5,2152.2,2193.7
21/10/2020,2171.1,2123.25,2098.75,2191
22/10/2020,2123,2107.1,2091.5,2133.05
23/10/2020,2109,2112.55,2095.65,2134.8
26/10/2020,2101,2028.7,2018.45,2106
27/10/2020,2032,2034.2,2005.55,2060
28/10/2020,2044,2010.7,2006.9,2057.9
29/10/2020,1999.4,2026.55,1990.75,2042.3
30/10/2020,2035,2054.35,2022,2064.65
02/11/2020,2033.5,1877.3,1860,2033.5
03/11/2020,1888,1849.45,1835,1909.5
04/11/2020,1840,1913.45,1840,1928.85
05/11/2020,1949,1955.1,1931.4,1960
06/11/2020,1988,2029,1977.65,2040
09/11/2020,2058.7,2050.3,2038.9,2070
10/11/2020,2075,2084.5,2041.8,2090
11/11/2020,2092,1996.9,1979,2095.35
12/11/2020,1985,1979.85,1965,2008.35
13/11/2020,1990,1996.1,1981,2036.65
14/11/2020,2013,2001.8,1996,2016.25
17/11/2020,2084,1992.9,1985,2084
18/11/2020,1997.45,1987.2,1961,2006.65
19/11/2020,1986.4,1972.65,1968,2010
20/11/2020,1977.8,1899.2,1894.6,1984.1
23/11/2020,1929,1950.8,1927,1970
24/11/2020,1962,1965.1,1931.2,1973.6
25/11/2020,1980,1947.75,1942.3,1992
26/11/2020,1950.05,1953.8,1930.4,1964.85
27/11/2020,1941,1929.85,1921.55,1955.85
01/12/2020,1935.25,1954.3,1931,1965.9
02/12/2020,1962.95,1957.6,1935,1962.95
03/12/2020,1970,1963.45,1958.05,1981.1
04/12/2020,1963,1946.55,1940,1967.85
07/12/2020,1942,1958.05,1942,1965
08/12/2020,1963,1993.75,1950.15,2014.2
09/12/2020,2013,2026.65,2000,2033.8
10/12/2020,2020,2007.2,2000.95,2028.4
11/12/2020,2011.2,2005.6,1974.4,2037.8
14/12/2020,2013,1991.15,1987.05,2015.25
15/12/2020,1992.9,1974,1961.5,1992.9
16/12/2020,1988,1976.05,1965.75,1995
17/12/2020,1980.9,1985.05,1977.1,2005
18/12/2020,1983,1992.25,1965,2005
21/12/2020,2010,1939.75,1856.05,2022
22/12/2020,1940,1936.6,1887.75,1958.4
23/12/2020,1932.8,1943.8,1920,1951.2
24/12/2020,1950.8,1993.9,1947.05,1998.65
28/12/2020,2004.1,2003.25,1995.6,2024.9
29/12/2020,2007.35,1989.2,1982.6,2012.8
30/12/2020,1992.55,1995.5,1975.9,2006.85
31/12/2020,1994.75,1984.65,1980,2011
01/01/2021,1986.15,1987.15,1982.3,1997.3
04/01/2021,1988.55,1990.65,1967.9,1997.9
05/01/2021,1972.05,1966,1956,1984
06/01/2021,1968,1914.15,1905,1968
07/01/2021,1921.9,1911,1905.65,1945.2
08/01/2021,1920.9,1933.05,1912.7,1938.2
11/01/2021,1935,1897,1892.25,1938.9
12/01/2021,1910,1956.65,1900,1960
13/01/2021,1964.8,1939.1,1918.65,1974.95
14/01/2021,1939.1,1960.6,1936.05,1966.5
15/01/2021,1960,1937.6,1920.15,1973.15
18/01/2021,1940,1983.5,1922.65,1996.6
19/01/2021,1994,2016.3,1993.65,2030.9
20/01/2021,2022.5,2054.85,2001.25,2058.05
21/01/2021,2082,2097.85,2075,2119.8
22/01/2021,2114.8,2049.65,2035.2,2115.9
25/01/2021,2052,1939.7,1932.2,2052
27/01/2021,1930.2,1895.25,1888,1930.2
28/01/2021,1879,1876.6,1870.15,1923.35
29/01/2021,1896.7,1843.15,1830,1911.75
01/02/2021,1845.2,1895.35,1845.2,1904.7
02/02/2021,1915.7,1926.45,1855,1938.3
03/02/2021,1927,1930.3,1900,1951
04/02/2021,1921,1923.95,1905.05,1939.7
05/02/2021,1933,1924,1920,1944.2
08/02/2021,1931.2,1951.5,1929.05,1968.25
09/02/2021,1967.7,1955.95,1952,1990
10/02/2021,1957.7,1975.25,1928,1983.95
11/02/2021,1977.45,2055.55,1971.2,2062.2
12/02/2021,2059.7,2041.25,2015.55,2077.5
15/02/2021,2049,2032.6,2025.4,2060.55
16/02/2021,2040,2059.65,2037.5,2079
17/02/2021,2058,2082.75,2050.85,2095
18/02/2021,2085.75,2065.5,2059.7,2107.7
19/02/2021,2065,2080.55,2058,2104.95
22/02/2021,2080,2007.4,1995.1,2089.7
23/02/2021,2028,2024.25,2013.8,2053.1
24/02/2021,2025.8,2065.55,2000.55,2081.5
25/02/2021,2078,2144.85,2071,2152.25
26/02/2021,2109,2083.85,2070.15,2133.4
01/03/2021,2114.45,2101.15,2063.2,2114.45
02/03/2021,2124,2106.2,2089.25,2130
03/03/2021,2121.7,2201.35,2107.2,2220
04/03/2021,2179.7,2175.7,2158,2189.65
05/03/2021,2168,2178.55,2155,2212.5
08/03/2021,2171.5,2190.45,2169.45,2231
09/03/2021,2200,2190.2,2146.2,2214.7
10/03/2021,2211,2181.7,2170.15,2215.75
12/03/2021,2199,2138.65,2123.65,2205
15/03/2021,2138.65,2108.75,2080.9,2148.8
16/03/2021,2114.8,2100.45,2096.05,2125.8
17/03/2021,2100,2055.15,2035.35,2103.75
18/03/2021,2071.1,2009.5,2001,2085
19/03/2021,1988.3,2081.9,1981.2,2095
22/03/2021,2075,2061.85,2033.9,2075
23/03/2021,2064,2089.05,2057.25,2109.9
24/03/2021,2080.55,2047.3,2040.8,2080.55
25/03/2021,2050.55,1992.75,1985,2057.55
26/03/2021,2010,1994.25,1973.05,2014.95
30/03/2021,2009.7,2028.6,1992,2048.5
31/03/2021,2015.35,2003.2,1999,2049.9
01/04/2021,2019.7,2021.7,2003.35,2030
05/04/2021,2025,1992.8,1961.85,2025
06/04/2021,2001.25,1983.65,1970,2005
07/04/2021,1992.2,2002.8,1992.2,2046.1
08/04/2021,2010.05,2005,1993.5,2021.15
09/04/2021,2003,1982.65,1980.1,2006.8
12/04/2021,1956.05,1911.3,1900.55,1966.25
13/04/2021,1925,1931.9,1918.35,1940.15
15/04/2021,1920.5,1943.9,1913.6,1960.65
16/04/2021,1944,1934,1926.6,1949.5
19/04/2021,1901,1902.55,1891,1916.6
20/04/2021,1914.7,1901.4,1890.55,1919.9
22/04/2021,1896,1906.05,1877.6,1914.45
23/04/2021,1903,1904.4,1896,1919
26/04/2021,1916.25,1937.45,1911.85,1961
27/04/2021,1943,1988.9,1940.9,1997.55
28/04/2021,1999.45,1996.05,1980.75,2007.4
29/04/2021,2016.65,2023.2,2008,2045
30/04/2021,2014.7,1994.45,1987.4,2036.4
03/05/2021,1963.7,1959.25,1943.7,1979
04/05/2021,1954,1916.55,1911,1967.5
05/05/2021,1919.7,1919.75,1908.15,1937.9
06/05/2021,1926,1929.9,1907.25,1934.15
07/05/2021,1940,1931.3,1925.9,1955.45
10/05/2021,1943.75,1925.7,1920.4,1946.1
11/05/2021,1917,1933.7,1910.05,1938.65
12/05/2021,1934,1913.55,1907.75,1934
14/05/2021,1925.1,1936.85,1906.5,1941.5
17/05/2021,1938.7,1960.55,1931,1963.15
18/05/2021,1978,1987.8,1972.1,2002.65
19/05/2021,1982,1996.35,1972.1,2016.6
20/05/2021,1996.35,1985.3,1981.1,2010.8
21/05/2021,1995.7,2000.9,1980,2009
24/05/2021,2007.4,1985.55,1981.6,2009.5
25/05/2021,1990.05,1964.5,1960.1,1997
26/05/2021,1984.9,1969.65,1966,1984.9
27/05/2021,1970.9,1978.2,1963.1,1992.2
28/05/2021,1990,2094.9,1985.1,2105
31/05/2021,2101,2160.45,2082,2191.5
01/06/2021,2164.1,2168.25,2147.35,2201.7
02/06/2021,2159.9,2201.3,2158.55,2209.9
03/06/2021,2222,2209.25,2196.1,2250
04/06/2021,2219,2190.6,2183.8,2219
07/06/2021,2205.9,2227.3,2184.6,2241.8
08/06/2021,2224.65,2214.7,2198.4,2227
09/06/2021,2219.9,2174.75,2158.25,2221.6
10/06/2021,2192.2,2182.7,2177.2,2229.95
11/06/2021,2186.7,2213,2182.7,2227.9
14/06/2021,2214,2245.3,2196,2258.3
15/06/2021,2256.25,2249.7,2241.2,2274.5
16/06/2021,2248,2211.65,2206.75,2248
17/06/2021,2200.25,2215.55,2179.85,2235
18/06/2021,2217.25,2225.05,2184.25,2234.95
21/06/2021,2204.35,2237.6,2200.95,2247.7
22/06/2021,2254.7,2226,2220,2260.75
23/06/2021,2249,2205.1,2201.45,2250
24/06/2021,2214.8,2153.35,2140,2215
25/06/2021,2159.8,2104.3,2081.15,2159.8
28/06/2021,2124,2086,2081.1,2127.1
29/06/2021,2089,2087.2,2083.3,2109
30/06/2021,2095,2110.9,2091.95,2123.5
01/07/2021,2114.1,2097.75,2094.55,2122
02/07/2021,2099.9,2129.2,2094.25,2133.25
05/07/2021,2137.8,2149.9,2131.5,2153
06/07/2021,2150,2125.95,2121,2150.05
07/07/2021,2126.35,2110.15,2098.7,2127.75
08/07/2021,2115,2092.9,2081,2115.8
09/07/2021,2086.9,2073.2,2065.95,2091.2
12/07/2021,2081.8,2084.45,2075.15,2101.75
13/07/2021,2100,2099.55,2088.1,2103.3
14/07/2021,2102.7,2086,2082,2106.8
15/07/2021,2096,2083.25,2078.65,2096
16/07/2021,2085,2111.8,2085,2114.5
19/07/2021,2104,2099.1,2093,2124
20/07/2021,2097.35,2093.6,2084,2108.1
22/07/2021,2111.2,2121,2098.8,2124.1
23/07/2021,2135,2105.2,2102.85,2135
26/07/2021,2110,2077.7,2071.7,2121.6
27/07/2021,2079,2054.3,2041.2,2083.5
28/07/2021,2060.1,2036.85,2016.6,2060.15
29/07/2021,2050,2055.25,2043.75,2074.4
30/07/2021,2055.25,2035.4,2030.4,2068.15
02/08/2021,2047.2,2071.5,2041,2079
03/08/2021,2085,2086.9,2064.15,2091.25
04/08/2021,2097.6,2103.55,2087,2114.1
05/08/2021,2116.9,2133.3,2104.3,2154.6
06/08/2021,2125.2,2089.05,2079.2,2146
09/08/2021,2076.2,2077.25,2065.8,2089.5
10/08/2021,2084.7,2088.4,2073.55,2112.8
11/08/2021,2099,2116.1,2082.55,2119.5
12/08/2021,2125.05,2110.25,2105.4,2126.75
13/08/2021,2115.8,2144.75,2110.15,2149.8
16/08/2021,2146.5,2172.45,2128.7,2202
17/08/2021,2170,2163.95,2148.3,2185
18/08/2021,2175,2171.55,2152.7,2186
20/08/2021,2148,2146.2,2138,2171.7
23/08/2021,2168,2162.4,2132.45,2171.95
24/08/2021,2163.9,2182.8,2155.45,2191.9
25/08/2021,2183.7,2202.3,2180,2219.9
26/08/2021,2207,2230.65,2204.9,2244.85
27/08/2021,2232,2226.75,2215.9,2242.35
30/08/2021,2240,2270.05,2239.6,2275
31/08/2021,2275.25,2259.3,2242.5,2283
01/09/2021,2275,2269.75,2130,2292.9
02/09/2021,2260,2293.65,2258.45,2307
03/09/2021,2307.5,2388.25,2306.8,2394.3
06/09/2021,2414,2424.55,2413.35,2479.85
07/09/2021,2429.1,2441.3,2412,2458
08/09/2021,2454,2430.6,2406.15,2455
09/09/2021,2430.95,2425.45,2416,2438.3
13/09/2021,2428,2371.55,2368.1,2430
14/09/2021,2378,2368.3,2366.1,2394
15/09/2021,2372,2378.95,2368.85,2395.25
16/09/2021,2379,2428.1,2367,2436
17/09/2021,2445,2390.4,2378.8,2455.8
20/09/2021,2375,2393.9,2370,2418
21/09/2021,2411,2404.15,2384.65,2416
22/09/2021,2409,2430.6,2398.15,2441.25
23/09/2021,2445,2489.65,2445,2496.95
24/09/2021,2500,2482.95,2472,2504.7
27/09/2021,2484.2,2525.2,2475.5,2529
28/09/2021,2531,2548.05,2512.2,2565
29/09/2021,2562,2527.25,2520,2563.9
30/09/2021,2527.85,2517,2500.75,2534.1
01/10/2021,2506,2522.85,2495.85,2539.85
04/10/2021,2549.9,2555.85,2537.55,2574.65
05/10/2021,2565,2609.1,2547.3,2612
06/10/2021,2623,2560.2,2550.05,2623
07/10/2021,2600,2572.15,2568.1,2600
08/10/2021,2580,2670.85,2580,2683.9
11/10/2021,2724.7,2651.15,2645.05,2724.7
12/10/2021,2641,2668.55,2641,2682.75
13/10/2021,2683,2695.9,2669,2719.5
14/10/2021,2705,2699.85,2687.15,2717.7
18/10/2021,2684,2707,2660,2744.95
19/10/2021,2726,2731.5,2708,2750
20/10/2021,2740,2699.9,2691.45,2744.1
21/10/2021,2725.95,2623,2603,2725.95
22/10/2021,2623.8,2627.05,2611.4,2664.7
25/10/2021,2699,2601.65,2570.1,2699
26/10/2021,2614.45,2661.5,2603.35,2668.85
27/10/2021,2659.8,2632.65,2620,2677
28/10/2021,2621,2599.35,2591.1,2637.8
29/10/2021,2586,2537.6,2502.55,2595.15
01/11/2021,2531.2,2537.35,2494,2555
02/11/2021,2551.9,2500.9,2497,2551.9
03/11/2021,2504.75,2483.85,2461,2520.45
04/11/2021,2494.9,2498.8,2490.05,2505
08/11/2021,2510.1,2502,2457.65,2522
09/11/2021,2502,2520.05,2486.7,2528.95
10/11/2021,2518.9,2549.4,2503.85,2558
11/11/2021,2549.4,2554.95,2535.95,2571
12/11/2021,2560,2592.5,2557,2598.8
15/11/2021,2600,2578.55,2570,2602.1
16/11/2021,2573,2512.1,2495,2576
17/11/2021,2499.7,2464.05,2460.35,2500
18/11/2021,2459.9,2472.75,2450.6,2489
22/11/2021,2440,2363.4,2351,2446.25
23/11/2021,2339,2386.15,2309.4,2401.5
24/11/2021,2381.4,2350.9,2344,2410.85
25/11/2021,2375.5,2494.4,2358,2502.8
26/11/2021,2470,2412.15,2403,2477.45
29/11/2021,2412,2442.5,2400,2500
30/11/2021,2466,2406.75,2390,2475.9
01/12/2021,2425.5,2466.9,2425.5,2474.6
02/12/2021,2466.9,2483.8,2461.2,2496
03/12/2021,2490.15,2408.15,2400.1,2494.95
06/12/2021,2421,2363.3,2357.15,2424.55
07/12/2021,2381.7,2381.6,2373.55,2403.75
08/12/2021,2427,2417.4,2407.1,2431.45
09/12/2021,2431.1,2455.85,2425.45,2474.9
10/12/2021,2444,2458.95,2430.5,2466.1
13/12/2021,2470,2409.8,2405,2474.5
14/12/2021,2389,2380.4,2373.5,2406
15/12/2021,2384.85,2372.5,2361.75,2404.5
16/12/2021,2404,2404.45,2369,2414.5
17/12/2021,2395,2341.15,2320,2408.75
20/12/2021,2315,2277.2,2248,2320.9
21/12/2021,2304.6,2310.1,2293,2345
22/12/2021,2314.5,2365.95,2314.5,2372
23/12/2021,2372,2364.65,2358.95,2380
24/12/2021,2367,2372.25,2337.65,2391.9
27/12/2021,2362.9,2369.8,2348.95,2377.75
28/12/2021,2384,2397.7,2374.35,2405
29/12/2021,2391.9,2403.05,2382.45,2418.4
30/12/2021,2398,2356.45,2346,2405.25
31/12/2021,2370,2368.15,2360.05,2384.3
03/01/2022,2367.5,2404.35,2364.95,2408.95
04/01/2022,2410,2457.75,2403,2461.95
05/01/2022,2460.15,2466.05,2433,2476.3
06/01/2022,2454,2416.6,2409,2454
07/01/2022,2436,2435.95,2411.5,2457.65
10/01/2022,2453.95,2437.65,2416.55,2456.45
11/01/2022,2431.1,2454.9,2431.1,2474.1
12/01/2022,2472.45,2520.6,2465.4,2524.35
13/01/2022,2523.7,2535.35,2508.8,2540.95
14/01/2022,2530,2538.7,2525.8,2566.5
17/01/2022,2539.6,2552.3,2538.75,2565
18/01/2022,2553,2520.85,2515.5,2562.8
19/01/2022,2526.3,2521.4,2508.8,2541.65
20/01/2022,2497,2478.8,2455,2511.25
21/01/2022,2450.15,2478.1,2450.15,2501.95
24/01/2022,2478.1,2377.55,2352.7,2504.1
25/01/2022,2364.7,2373.7,2305.05,2388.6
27/01/2022,2345,2338.25,2312,2355.55
28/01/2022,2365,2335.4,2329,2372.4
31/01/2022,2355,2386.35,2355,2406.35
01/02/2022,2410,2380.45,2347.65,2420.55
02/02/2022,2410.4,2383.5,2376,2410.4
03/02/2022,2384,2352.7,2348,2401.55
04/02/2022,2349,2331.8,2322,2349.55
07/02/2022,2338,2317.65,2305.05,2356.8
08/02/2022,2333,2355.6,2310,2359.95
09/02/2022,2367.1,2383.95,2358.6,2386.6
10/02/2022,2397.4,2379,2365,2397.4
11/02/2022,2374,2376.85,2343.95,2384
14/02/2022,2300,2338.8,2300,2354
15/02/2022,2352,2417.35,2335.85,2424
16/02/2022,2427.55,2412.35,2396,2432.05
17/02/2022,2418,2444.9,2410.5,2454.4
18/02/2022,2435,2424.15,2421,2456
21/02/2022,2414.9,2400.15,2385,2436.8
22/02/2022,2352,2388.2,2346.75,2395.7
23/02/2022,2398.6,2373.8,2367.9,2406.05
24/02/2022,2314,2255.6,2242.5,2339.85
25/02/2022,2275.6,2283.95,2275.6,2307
28/02/2022,2247.05,2359.1,2245,2367
02/03/2022,2349.1,2398.4,2331.1,2400.45
03/03/2022,2411,2378.2,2370,2414.45
04/03/2022,2355,2325.35,2320.55,2364.7
07/03/2022,2296,2239.95,2222.65,2311.85
08/03/2022,2205,2236.7,2181,2245.8
09/03/2022,2249,2353.8,2233.95,2366.7
10/03/2022,2415,2393.25,2360,2415
11/03/2022,2372,2398.5,2372,2410.4
14/03/2022,2394,2418.55,2375,2424.35
15/03/2022,2431.8,2363.45,2341.2,2431.8
16/03/2022,2387.95,2403.25,2376.45,2407.05
17/03/2022,2438,2479.65,2401.15,2496.9
21/03/2022,2452,2467.15,2442,2483.7
22/03/2022,2463.7,2531.1,2454,2535
23/03/2022,2526.2,2539.7,2526.2,2565
24/03/2022,2515,2577.9,2512.05,2583.5
25/03/2022,2577.9,2596.7,2577,2615
28/03/2022,2611,2621.65,2586.9,2629.15
29/03/2022,2637,2622.15,2608.2,2637
31/03/2022,2673,2633.95,2628.9,2673
01/04/2022,2641.3,2654.45,2622.5,2664.8
04/04/2022,2657,2663.05,2644.25,2675
05/04/2022,2655,2625.4,2621.15,2668.85
06/04/2022,2588.65,2619.35,2588.6,2634.05
07/04/2022,2599.5,2571.75,2567,2603.25
08/04/2022,2563,2616.75,2562.6,2625
11/04/2022,2599,2609.8,2582.65,2638
12/04/2022,2588,2560.15,2556,2602.4
13/04/2022,2577,2552.45,2546,2592.9
18/04/2022,2530.25,2544.15,2522.6,2559.05
19/04/2022,2554.1,2638.45,2551.1,2667
20/04/2022,2655.75,2718.4,2650,2733.65
21/04/2022,2759,2782.15,2733.65,2788.8
22/04/2022,2765.05,2758.45,2743.85,2800.65
25/04/2022,2739.45,2694.85,2664.4,2758.35
26/04/2022,2708,2775.7,2708,2795.65
28/04/2022,2815,2819.2,2786.3,2850
29/04/2022,2855,2790.8,2777.55,2855
02/05/2022,2755.5,2780.55,2755.5,2805
04/05/2022,2785,2693.15,2675.8,2785.15
05/05/2022,2721,2640.75,2632,2729.65
06/05/2022,2640.75,2621.15,2594.6,2659.55
09/05/2022,2575,2517.15,2507.1,2597.2
10/05/2022,2499,2473.25,2459,2525.25
11/05/2022,2478.7,2449.75,2421.9,2485.05
12/05/2022,2419,2400.95,2370,2440
13/05/2022,2432,2428.05,2416.05,2478
16/05/2022,2432,2427.4,2416.45,2480.75
17/05/2022,2443,2530.7,2435,2540.4
18/05/2022,2539,2538.8,2508.3,2570
19/05/2022,2470,2479.2,2466.45,2511
20/05/2022,2515,2622.15,2503,2643
23/05/2022,2630,2605.95,2592.95,2653.75
24/05/2022,2624,2616,2598,2637.8
25/05/2022,2632.35,2611.15,2601.85,2655.8
26/05/2022,2618,2587.45,2547.7,2633.9
27/05/2022,2596.95,2575.2,2539.35,2605.55
30/05/2022,2619.8,2663.75,2594.85,2673
31/05/2022,2646,2633.9,2615.85,2678.75
01/06/2022,2632.35,2632.2,2616.1,2654.95
02/06/2022,2645,2724.5,2635.65,2732
03/06/2022,2746.95,2779.5,2740,2816.35
06/06/2022,2780.6,2766.9,2751.55,2813.75
07/06/2022,2764,2772.5,2754,2791
08/06/2022,2775.2,2724.3,2715.6,2782.1
09/06/2022,2709,2798.6,2709,2802
10/06/2022,2774.35,2714,2701.6,2790.05
13/06/2022,2653.8,2662.8,2616.4,2673.3
14/06/2022,2653,2627.35,2613.85,2670.15
15/06/2022,2610,2596.3,2585.1,2637.4
16/06/2022,2622,2559.2,2554.95,2658.6
17/06/2022,2532,2589.3,2532,2624.45
20/06/2022,2607,2542.8,2521.1,2618.1
21/06/2022,2552.4,2584.55,2529,2592.7
22/06/2022,2563,2505.2,2501,2563
23/06/2022,2520,2464.6,2446,2524.9
24/06/2022,2490,2500.75,2468.25,2510.95
27/06/2022,2549,2491.95,2482,2549
28/06/2022,2482.15,2529,2482.15,2535
29/06/2022,2504.35,2579.05,2501,2596.85
30/06/2022,2576,2594.05,2567.3,2615.8
01/07/2022,2580,2408.95,2365,2591.65
04/07/2022,2388.8,2413.95,2367,2441.85
05/07/2022,2424.95,2433.2,2417.6,2464.65
06/07/2022,2425.05,2411.95,2387.4,2441.15
07/07/2022,2424.8,2387.65,2375.05,2433.9
08/07/2022,2414.9,2391.5,2383,2415.85
11/07/2022,2380,2423.2,2370.3,2428
12/07/2022,2411,2420.15,2403.9,2439
13/07/2022,2429,2377.3,2373,2433.95
14/07/2022,2389.7,2396.95,2377.5,2434.5
15/07/2022,2420,2401.55,2383.6,2420
18/07/2022,2420.05,2422.15,2393.5,2425
19/07/2022,2411,2441.2,2400.75,2447
20/07/2022,2535,2501.4,2485.55,2545.05
21/07/2022,2498,2487.4,2468,2498.65
22/07/2022,2500,2502.9,2495,2516.8
25/07/2022,2469,2420.15,2403.95,2469
26/07/2022,2423.8,2420.5,2412.45,2444.05
27/07/2022,2419.4,2419.25,2402,2427
28/07/2022,2435,2457.25,2421.1,2467
29/07/2022,2470,2508.75,2463.5,2517
01/08/2022,2513,2575.1,2507.95,2587
02/08/2022,2572.8,2583.1,2560.55,2606.5
03/08/2022,2597.45,2605.8,2567.55,2610
04/08/2022,2616,2571.4,2535,2617.65
05/08/2022,2577,2533.95,2527.5,2578
08/08/2022,2535,2566.8,2531.65,2583.5
10/08/2022,2572,2581.95,2558,2589.95
11/08/2022,2600,2590.2,2580.8,2615
12/08/2022,2586.25,2632.65,2582.1,2641
16/08/2022,2649.8,2650.55,2627.8,2656.6
17/08/2022,2660.55,2664.45,2656,2677.6
19/08/2022,2654.05,2613.6,2605.3,2661
22/08/2022,2616,2606.7,2586.2,2630.55
23/08/2022,2586,2647.5,2586,2652
24/08/2022,2637.4,2639.05,2636,2668.5
25/08/2022,2651,2630.5,2622,2662.3
26/08/2022,2638,2618.75,2608,2647.9
29/08/2022,2570,2596.8,2570,2653.3
30/08/2022,2621.7,2639.1,2577.15,2645.95
01/09/2022,2589.1,2560.2,2552,2605.95
02/09/2022,2565,2529.8,2525,2574
05/09/2022,2530,2570.25,2530,2581
06/09/2022,2569.6,2595.4,2569.6,2605.5
07/09/2022,2579.7,2581.15,2569.05,2594.5
08/09/2022,2590,2585.2,2571,2597
09/09/2022,2606.55,2568.6,2565,2606.85
12/09/2022,2573.7,2597.6,2572,2611.4
13/09/2022,2615,2620.15,2601,2628.55
14/09/2022,2565,2587.8,2565,2609.5
15/09/2022,2586,2561.75,2557,2602.3
16/09/2022,2549,2499.3,2491.25,2553.6
19/09/2022,2499.2,2502.35,2481.6,2521.9
20/09/2022,2525,2502.05,2495.85,2537.2
21/09/2022,2501.85,2509.25,2495.7,2534
22/09/2022,2482.9,2485.9,2472.55,2502.65
23/09/2022,2485.5,2439.35,2435.2,2495.05
26/09/2022,2404,2377.5,2375.5,2417.65
27/09/2022,2395,2395.4,2360.15,2425.75
28/09/2022,2365.1,2332.1,2327.85,2378.4
29/09/2022,2358,2325.3,2313.55,2367.75
30/09/2022,2318,2377.7,2315,2401.15
03/10/2022,2397,2374.3,2363.5,2416.95
04/10/2022,2398.45,2413.05,2390.35,2417.9
06/10/2022,2436,2422.65,2418.4,2450
07/10/2022,2418,2433.25,2413.85,2443.9
10/10/2022,2409.05,2405.75,2388,2417.7
11/10/2022,2411.25,2357.25,2351,2412
12/10/2022,2354.95,2375.05,2345.55,2380.8
13/10/2022,2375.8,2383.85,2361,2394.2
14/10/2022,2412,2371,2368.35,2416.05
17/10/2022,2354.7,2410,2343.6,2413.75
18/10/2022,2420,2450.55,2420,2463
19/10/2022,2452.15,2496.5,2441.9,2527
20/10/2022,2478.05,2500.9,2478.05,2519
21/10/2022,2507,2471.95,2467,2516.5
24/10/2022,2464.5,2479.7,2458.35,2501
25/10/2022,2498,2441.85,2437.55,2498.15
27/10/2022,2456,2450.1,2433.2,2468
28/10/2022,2463.05,2526,2460.2,2534
31/10/2022,2535,2549.55,2533.1,2560.5
01/11/2022,2582,2529.75,2508,2588.45
02/11/2022,2528.35,2545.4,2514.25,2550.25
03/11/2022,2526.15,2555.95,2526.15,2560
04/11/2022,2548,2592.45,2548,2595.25
07/11/2022,2592,2606.15,2574,2609.9
09/11/2022,2606,2603,2591.35,2621.5
10/11/2022,2585,2574.45,2563,2596.95
11/11/2022,2598.7,2631.35,2587.25,2635
14/11/2022,2625,2617.95,2605.55,2642.65
15/11/2022,2618.05,2606.7,2590.05,2627.75
16/11/2022,2604,2591.85,2581.2,2615.05
17/11/2022,2586,2601.3,2581.35,2613
18/11/2022,2606,2597.55,2572,2608.85
21/11/2022,2585,2550.05,2543,2589.3
22/11/2022,2544.25,2564.3,2536.9,2568
23/11/2022,2579,2556.45,2552.15,2579
24/11/2022,2566,2582.55,2548.35,2592
28/11/2022,2601.35,2708.05,2585,2721.6
29/11/2022,2704.1,2711.05,2693.4,2730.5
30/11/2022,2715,2732.4,2699.1,2743.6
01/12/2022,2736,2722.95,2716,2754.7
02/12/2022,2726.25,2722.65,2701,2747.65
05/12/2022,2719.95,2682.85,2678.35,2719.95
06/12/2022,2660,2688.25,2660,2697
07/12/2022,2686.8,2649.9,2643,2694.35
08/12/2022,2665.5,2649.5,2640.05,2665.5
09/12/2022,2648.9,2609.1,2602.15,2660.6
12/12/2022,2590,2612.25,2585,2623
13/12/2022,2617,2624.2,2606.75,2633.2
14/12/2022,2631.2,2614.9,2611,2639.5
15/12/2022,2609.5,2578.75,2571,2614.9
16/12/2022,2570,2565.1,2558.1,2619
19/12/2022,2583.95,2600,2567.7,2603.25
20/12/2022,2593.95,2621.15,2566.6,2626
21/12/2022,2622,2584.4,2576.35,2633.6
22/12/2022,2595.2,2577.9,2565.9,2606.65
23/12/2022,2564,2501.55,2493,2589.75
26/12/2022,2513.7,2524.5,2493.95,2542.05
27/12/2022,2529,2545.05,2514.35,2548.8
28/12/2022,2535.9,2544.45,2521.25,2549.9
29/12/2022,2532.05,2542.55,2526.5,2549
30/12/2022,2547,2548.2,2542.55,2576.9
